Date,target_tb,proba_ebm,signal_ebm,proba_lgbm,signal_lgbm,proba_student,signal_student
2020-01-02,1,0.46153846153846156,1,0.6663967901012442,1,0.8091292923550494,1
2020-01-03,1,0.23076923076923078,0,0.5558336787438951,1,0.5642988045160615,1
2020-01-06,1,0.5690140845070423,1,0.49091727443582345,1,0.8433451118963488,1
2020-01-07,1,0.46153846153846156,1,0.488439571794318,1,0.42018779342722773,1
2020-01-08,1,0.46153846153846156,1,0.4963975060039371,1,0.42018779342722773,1
2020-01-09,1,0.20245398773006135,0,0.5154104243043482,1,0.42018779342722773,1
2020-01-10,1,0.06435643564356436,0,0.25787382383248203,0,0.0311802245482905,0
2020-01-13,1,0.23076923076923078,0,0.3646813767800015,1,0.42018779342722773,1
2020-01-14,1,0.0375,0,0.18215919039286405,0,0.0311802245482905,0
2020-01-15,1,0.06435643564356436,0,0.22625612421944208,0,0.0311802245482905,0
2020-01-16,0,0.06435643564356436,0,0.2299901697187875,0,0.0311802245482905,0
2020-01-17,0,0.13333333333333333,0,0.29125935463568375,0,0.0311802245482905,0
2020-01-21,0,0.13333333333333333,0,0.3320209511184267,1,0.5642988045160615,1
2020-01-22,0,0.23076923076923078,0,0.5131918933956917,1,0.9774275193884252,1
2020-01-23,0,0.24870466321243523,0,0.3650336872709283,1,0.42018779342722773,1
2020-01-24,0,0.23076923076923078,0,0.3289828096683401,1,0.42018779342722773,1
2020-01-27,1,0.20245398773006135,0,0.4873243967304896,1,0.8433451118963488,1
2020-01-28,0,0.2857142857142857,0,0.6492345740347941,1,0.9954319761668323,1
2020-01-29,0,0.23076923076923078,0,0.5830102538963631,1,0.857298356373136,1
2020-01-30,0,0.23076923076923078,0,0.6012532647606729,1,0.9954319761668323,1
2020-01-31,1,0.1576923076923077,0,0.5782017010528576,1,0.8433451118963488,1
2020-02-03,1,0.5690140845070423,1,0.6174217519670278,1,0.9954319761668323,1
2020-02-04,1,0.1576923076923077,0,0.5059932951468304,1,0.22081676617432636,0
2020-02-05,0,0.0,0,0.18647314777525037,0,0.22081676617432636,0
2020-02-06,0,0.0,0,0.1868415021519699,0,0.22081676617432636,0
2020-02-07,1,0.0,0,0.17119611423057837,0,0.0311802245482905,0
2020-02-10,0,0.0,0,0.23372842003617894,0,0.22081676617432636,0
2020-02-11,0,0.0,0,0.199738662565811,0,0.22081676617432636,0
2020-02-12,0,0.0,0,0.21271629719789534,0,0.22081676617432636,0
2020-02-13,0,0.0,0,0.16294664543822757,0,0.0311802245482905,0
2020-02-14,0,0.0,0,0.23832505144575775,0,0.22081676617432636,0
2020-02-18,0,0.0,0,0.2619633127798368,0,0.22081676617432636,0
2020-02-19,0,0.06435643564356436,0,0.3475867782290119,1,0.42018779342722773,1
2020-02-20,0,0.20245398773006135,0,0.3778390198708292,1,0.42018779342722773,1
2020-02-21,0,0.13333333333333333,0,0.3964491356811766,1,0.8433451118963488,1
2020-02-24,0,0.1576923076923077,0,0.43019427478684,1,0.9954319761668323,1
2020-02-25,0,0.46153846153846156,1,0.5165343713381804,1,0.9954319761668323,1
2020-02-26,0,0.2857142857142857,0,0.49902516763628574,1,0.9954319761668323,1
2020-02-27,1,0.23076923076923078,0,0.4292055320538139,1,0.9954319761668323,1
2020-02-28,1,0.06666666666666667,0,0.45603585173728045,1,0.9954319761668323,1
2020-03-02,0,0.06435643564356436,0,0.45182313462359247,1,0.9582257910333619,1
2020-03-03,0,0.0,0,0.3915886068135797,1,0.857298356373136,1
2020-03-04,0,0.06435643564356436,0,0.4701633409461427,1,0.9954319761668323,1
2020-03-05,0,0.0,0,0.2929296711965657,0,0.22081676617432636,0
2020-03-06,0,0.0375,0,0.34690207219917274,1,0.22081676617432636,0
2020-03-09,0,0.1576923076923077,0,0.3222322631024314,1,0.22081676617432636,0
2020-03-10,0,0.13333333333333333,0,0.529280512288067,1,0.9582257910333619,1
2020-03-11,0,0.06435643564356436,0,0.48433004604332414,1,0.9582257910333619,1
2020-03-12,1,0.06435643564356436,0,0.5406388775744161,1,0.9582257910333619,1
2020-03-13,0,0.06666666666666667,0,0.5274960592891079,1,0.9582257910333619,1
2020-03-16,0,0.0375,0,0.4784123705399681,1,0.9582257910333619,1
2020-03-17,0,0.3684210526315789,1,0.5274960592891079,1,0.9582257910333619,1
2020-03-18,0,0.20245398773006135,0,0.4789760188390016,1,0.9582257910333619,1
2020-03-19,0,0.5690140845070423,1,0.5301180020286295,1,0.9582257910333619,1
2020-03-20,1,0.5690140845070423,1,0.5291492938358018,1,0.9582257910333619,1
2020-03-23,1,0.75,1,0.5431084016979215,1,0.9582257910333619,1
2020-03-24,0,0.8313253012048193,1,0.5401502522193077,1,0.9582257910333619,1
2020-03-25,0,0.20245398773006135,0,0.47056367701787005,1,0.9582257910333619,1
2020-03-26,0,0.3684210526315789,1,0.38833797368555945,1,0.22081676617432636,0
2020-03-27,0,0.13333333333333333,0,0.3312339403660018,1,0.22081676617432636,0
2020-03-30,0,0.6923076923076923,1,0.3828542577599814,1,0.22081676617432636,0
2020-03-31,0,0.3684210526315789,1,0.33299976389671976,1,0.22081676617432636,0
2020-04-01,1,0.3684210526315789,1,0.386088926869854,1,0.22081676617432636,0
2020-04-02,1,0.6395348837209304,1,0.43562910264075083,1,0.9582257910333619,1
2020-04-03,1,0.34615384615384615,1,0.5159848189416358,1,0.9582257910333619,1
2020-04-06,0,0.46153846153846156,1,0.5181233473591087,1,0.9582257910333619,1
2020-04-07,0,0.06666666666666667,0,0.24294214859348212,0,0.22081676617432636,0
2020-04-08,0,0.24870466321243523,0,0.3425521495542851,1,0.22081676617432636,0
2020-04-09,0,0.23076923076923078,0,0.18357162116783335,0,0.14114611023829002,0
2020-04-13,0,0.3684210526315789,1,0.24504369235195958,0,0.14114611023829002,0
2020-04-14,0,0.3684210526315789,1,0.3628576130139801,1,0.22081676617432636,0
2020-04-15,0,0.0375,0,0.19281526242322228,0,0.14114611023829002,0
2020-04-16,0,0.20245398773006135,0,0.3620811517239276,1,0.22081676617432636,0
2020-04-17,0,0.20245398773006135,0,0.35830407891489996,1,0.22081676617432636,0
2020-04-20,0,0.13333333333333333,0,0.34453352862224756,1,0.22081676617432636,0
2020-04-21,1,0.23076923076923078,0,0.3269452874498497,1,0.22081676617432636,0
2020-04-22,0,0.7433628318584071,1,0.494207682915269,1,0.9582257910333619,1
2020-04-23,0,0.3684210526315789,1,0.22756500936184945,0,0.22081676617432636,0
2020-04-24,0,0.6395348837209304,1,0.36091188403068225,1,0.9582257910333619,1
2020-04-27,0,0.5690140845070423,1,0.3643673555536405,1,0.39400409412075355,1
2020-04-28,0,0.3684210526315789,1,0.31366362832804773,1,0.22081676617432636,0
2020-04-29,0,0.3684210526315789,1,0.29958615745462797,0,0.22081676617432636,0
2020-04-30,0,0.20245398773006135,0,0.22410738518334503,0,0.22081676617432636,0
2020-05-01,0,0.20245398773006135,0,0.3108976220564787,1,0.22081676617432636,0
2020-05-04,0,0.23076923076923078,0,0.5058067302712547,1,0.39400409412075355,1
2020-05-05,0,0.24870466321243523,0,0.6133469744661006,1,0.39400409412075355,1
2020-05-06,0,0.06435643564356436,0,0.3713397877777557,1,0.22081676617432636,0
2020-05-07,0,0.13333333333333333,0,0.6133086191321542,1,0.39400409412075355,1
2020-05-08,0,0.0,0,0.487922147272976,1,0.39400409412075355,1
2020-05-11,0,0.0,0,0.21810543674143976,0,0.14114611023829002,0
2020-05-12,0,0.0,0,0.30883992607416433,1,0.22081676617432636,0
2020-05-13,1,0.20245398773006135,0,0.5100906701577126,1,0.39400409412075355,1
2020-05-14,1,0.34615384615384615,1,0.6807124313930254,1,0.39400409412075355,1
2020-05-15,1,0.24870466321243523,0,0.6723236121148252,1,0.39400409412075355,1
2020-05-18,0,0.23076923076923078,0,0.6087101510564191,1,0.39400409412075355,1
2020-05-19,1,0.0,0,0.22245871897416022,0,0.14114611023829002,0
2020-05-20,0,0.0,0,0.36526202231398286,1,0.22081676617432636,0
2020-05-21,1,0.0,0,0.15624652096412045,0,0.14114611023829002,0
2020-05-22,1,0.0375,0,0.36083658657822293,1,0.22081676617432636,0
2020-05-26,1,0.0375,0,0.3366545434542481,1,0.22081676617432636,0
2020-05-27,1,0.0,0,0.19687717931483617,0,0.14114611023829002,0
2020-05-28,1,0.06435643564356436,0,0.17461643185458248,0,0.0311802245482905,0
2020-05-29,1,0.06435643564356436,0,0.18619641473390178,0,0.0311802245482905,0
2020-06-01,1,0.06435643564356436,0,0.18226791192869435,0,0.0311802245482905,0
2020-06-02,1,0.06435643564356436,0,0.26621925943902386,0,0.0311802245482905,0
2020-06-03,1,0.06435643564356436,0,0.17962929167235106,0,0.0311802245482905,0
2020-06-04,1,0.06666666666666667,0,0.17022576818700397,0,0.0311802245482905,0
2020-06-05,0,0.13333333333333333,0,0.24162026760777602,0,0.0311802245482905,0
2020-06-08,0,0.0,0,0.15271361033759126,0,0.0311802245482905,0
2020-06-09,0,0.06435643564356436,0,0.19083061134543264,0,0.0311802245482905,0
2020-06-10,0,0.0,0,0.25817299193719356,0,0.0311802245482905,0
2020-06-11,0,0.0,0,0.21019865362294418,0,0.22081676617432636,0
2020-06-12,0,0.46153846153846156,1,0.5629454993082474,1,0.39400409412075355,1
2020-06-15,0,0.3684210526315789,1,0.5591909166012452,1,0.39400409412075355,1
2020-06-16,0,0.24870466321243523,0,0.5581582778444018,1,0.39400409412075355,1
2020-06-17,0,0.1576923076923077,0,0.394134800614187,1,0.39400409412075355,1
2020-06-18,0,0.1576923076923077,0,0.49027379521620457,1,0.39400409412075355,1
2020-06-19,0,0.0,0,0.2843854872397294,0,0.22081676617432636,0
2020-06-22,0,0.0375,0,0.4154206818926584,1,0.22081676617432636,0
2020-06-23,0,0.0,0,0.25253525202162036,0,0.22081676617432636,0
2020-06-24,1,0.1576923076923077,0,0.35242694381435014,1,0.22081676617432636,0
2020-06-25,0,0.2857142857142857,0,0.593563005958726,1,0.39400409412075355,1
2020-06-26,1,0.1576923076923077,0,0.5900641575474523,1,0.39400409412075355,1
2020-06-29,1,0.20245398773006135,0,0.5582212282929919,1,0.39400409412075355,1
2020-06-30,0,0.20245398773006135,0,0.5559636219551242,1,0.39400409412075355,1
2020-07-01,0,0.1576923076923077,0,0.5657864334420732,1,0.39400409412075355,1
2020-07-02,0,0.0,0,0.37225964437478326,1,0.22081676617432636,0
2020-07-06,0,0.0,0,0.310490994999057,1,0.22081676617432636,0
2020-07-07,0,0.0,0,0.20153609388585192,0,0.22081676617432636,0
2020-07-08,0,0.0,0,0.248534398601026,0,0.22081676617432636,0
2020-07-09,1,0.0,0,0.17690573455229675,0,0.22081676617432636,0
2020-07-10,0,0.0,0,0.2534745940649152,0,0.22081676617432636,0
2020-07-13,1,0.0,0,0.20803254658820694,0,0.22081676617432636,0
2020-07-14,0,0.0375,0,0.48725307570631937,1,0.39400409412075355,1
2020-07-15,0,0.0,0,0.22979809904523021,0,0.22081676617432636,0
2020-07-16,0,0.0,0,0.17051741513445867,0,0.0311802245482905,0
2020-07-17,0,0.0,0,0.2432628744649537,0,0.22081676617432636,0
2020-07-20,0,0.0,0,0.26324681966891694,0,0.22081676617432636,0
2020-07-21,0,0.0,0,0.13913469728615402,0,0.0311802245482905,0
2020-07-22,0,0.0,0,0.22856110429653795,0,0.22081676617432636,0
2020-07-23,0,0.0,0,0.2511408672618218,0,0.22081676617432636,0
2020-07-24,1,0.0,0,0.31076916176427155,1,0.22081676617432636,0
2020-07-27,1,0.0,0,0.37409069420820934,1,0.39400409412075355,1
2020-07-28,1,0.0,0,0.2864276999847185,0,0.39400409412075355,1
2020-07-29,1,0.0,0,0.5084991085692061,1,0.39400409412075355,1
2020-07-30,1,0.0,0,0.4101633707630286,1,0.39400409412075355,1
2020-07-31,1,0.0,0,0.2800390687702931,0,0.22081676617432636,0
2020-08-03,1,0.0,0,0.17662923932255706,0,0.22081676617432636,0
2020-08-04,1,0.0,0,0.13209024441284983,0,0.0311802245482905,0
2020-08-05,0,0.0,0,0.10489072319602638,0,0.0311802245482905,0
2020-08-06,0,0.0,0,0.09139998513546863,0,0.0311802245482905,0
2020-08-07,0,0.0,0,0.09180211947158415,0,0.0311802245482905,0
2020-08-10,0,0.0,0,0.11202232011383158,0,0.0311802245482905,0
2020-08-11,1,0.0,0,0.10274684255005971,0,0.0311802245482905,0
2020-08-12,0,0.0,0,0.18831721501495582,0,0.22081676617432636,0
2020-08-13,1,0.0,0,0.10987396964856938,0,0.0311802245482905,0
2020-08-14,1,0.0,0,0.15804954063358911,0,0.22081676617432636,0
2020-08-17,1,0.0,0,0.18740789655246404,0,0.22081676617432636,0
2020-08-18,1,0.0,0,0.2271718242131833,0,0.42018779342722773,1
2020-08-19,1,0.0,0,0.2280396544927828,0,0.42018779342722773,1
2020-08-20,1,0.0,0,0.36312934888865017,1,0.39400409412075355,1
2020-08-21,1,0.0,0,0.31094735757959036,1,0.42018779342722773,1
2020-08-24,1,0.0,0,0.2590831364781809,0,0.22081676617432636,0
2020-08-25,1,0.0,0,0.17237040841457596,0,0.42018779342722773,1
2020-08-26,1,0.0,0,0.15124594659752585,0,0.0311802245482905,0
2020-08-27,1,0.0,0,0.11492244983574365,0,0.0311802245482905,0
2020-08-28,1,0.0,0,0.11975399799339613,0,0.0311802245482905,0
2020-08-31,1,0.0,0,0.14919964996169366,0,0.0311802245482905,0
2020-09-01,1,0.0,0,0.16795892453757919,0,0.0311802245482905,0
2020-09-02,0,0.0,0,0.15700474257071753,0,0.0311802245482905,0
2020-09-03,0,0.0,0,0.17700494331270675,0,0.0311802245482905,0
2020-09-04,0,0.0,0,0.47257670373350896,1,0.39400409412075355,1
2020-09-08,0,0.0,0,0.530432614928554,1,0.39400409412075355,1
2020-09-09,0,0.0,0,0.5179565294056684,1,0.39400409412075355,1
2020-09-10,0,0.0,0,0.49433512791132944,1,0.39400409412075355,1
2020-09-11,0,0.0375,0,0.5248708920618046,1,0.39400409412075355,1
2020-09-14,0,0.0,0,0.5104168079255519,1,0.39400409412075355,1
2020-09-15,0,0.0,0,0.5546877240430486,1,0.39400409412075355,1
2020-09-16,0,0.0,0,0.33088993061986893,1,0.22081676617432636,0
2020-09-17,0,0.0,0,0.5380440707240576,1,0.39400409412075355,1
2020-09-18,0,0.0,0,0.42085767928594137,1,0.22081676617432636,0
2020-09-21,1,0.0,0,0.5964532022475947,1,0.39400409412075355,1
2020-09-22,0,0.0,0,0.5377490173211825,1,0.39400409412075355,1
2020-09-23,1,0.0,0,0.5328953380847453,1,0.39400409412075355,1
2020-09-24,1,0.1576923076923077,0,0.6466911553789371,1,0.9582257910333619,1
2020-09-25,1,0.1576923076923077,0,0.6383402559969932,1,0.9582257910333619,1
2020-09-28,0,0.0375,0,0.6136451942929676,1,0.9582257910333619,1
2020-09-29,1,0.0,0,0.42074644709036724,1,0.22081676617432636,0
2020-09-30,1,0.0,0,0.35749011658092517,1,0.22081676617432636,0
2020-10-01,1,0.0,0,0.3829117171950101,1,0.22081676617432636,0
2020-10-02,1,0.0,0,0.24533285337661692,0,0.22081676617432636,0
2020-10-05,1,0.06435643564356436,0,0.2871900525941149,0,0.22081676617432636,0
2020-10-06,1,0.0,0,0.24158697767211204,0,0.22081676617432636,0
2020-10-07,1,0.0,0,0.2882678567600307,0,0.22081676617432636,0
2020-10-08,1,0.0,0,0.19848276269800363,0,0.22081676617432636,0
2020-10-09,0,0.0,0,0.1718139647201568,0,0.0311802245482905,0
2020-10-12,0,0.0,0,0.14578516930061172,0,0.0311802245482905,0
2020-10-13,0,0.0,0,0.15622385131186473,0,0.0311802245482905,0
2020-10-14,0,0.0,0,0.2236868750752943,0,0.0311802245482905,0
2020-10-15,0,0.0,0,0.30871552519067613,1,0.22081676617432636,0
2020-10-16,0,0.0,0,0.31994326023499486,1,0.22081676617432636,0
2020-10-19,0,0.0,0,0.33359876801549226,1,0.22081676617432636,0
2020-10-20,0,0.0,0,0.4652908162896326,1,0.39400409412075355,1
2020-10-21,0,0.0375,0,0.4546248796693395,1,0.39400409412075355,1
2020-10-22,0,0.0,0,0.4581309630607804,1,0.39400409412075355,1
2020-10-23,0,0.0,0,0.39204509595544007,1,0.39400409412075355,1
2020-10-26,0,0.0,0,0.36229932650683605,1,0.39400409412075355,1
2020-10-27,0,0.0375,0,0.4029348725438619,1,0.39400409412075355,1
2020-10-28,1,0.0,0,0.4054341820831101,1,0.39400409412075355,1
2020-10-29,1,0.06435643564356436,0,0.377592283547979,1,0.39400409412075355,1
2020-10-30,1,0.0375,0,0.37264780989193247,1,0.39400409412075355,1
2020-11-02,1,0.3684210526315789,1,0.4968727728712276,1,0.9582257910333619,1
2020-11-03,1,0.24870466321243523,0,0.44677211317726173,1,0.9582257910333619,1
2020-11-04,1,0.13333333333333333,0,0.421965707111496,1,0.9582257910333619,1
2020-11-05,1,0.0,0,0.17775299540250633,0,0.22081676617432636,0
2020-11-06,1,0.0,0,0.18530052014632717,0,0.22081676617432636,0
2020-11-09,0,0.0375,0,0.2614800487860401,0,0.22081676617432636,0
2020-11-10,0,0.0,0,0.2714962000670964,0,0.22081676617432636,0
2020-11-11,0,0.0,0,0.31246571233461934,1,0.22081676617432636,0
2020-11-12,1,0.0,0,0.18801918247584212,0,0.22081676617432636,0
2020-11-13,0,0.0,0,0.2923052307601642,0,0.22081676617432636,0
2020-11-16,0,0.0,0,0.23149590411887927,0,0.22081676617432636,0
2020-11-17,0,0.0,0,0.19993704002641083,0,0.0311802245482905,0
2020-11-18,0,0.0,0,0.251272220491182,0,0.22081676617432636,0
2020-11-19,1,0.0375,0,0.24791615819665194,0,0.39400409412075355,1
2020-11-20,1,0.0,0,0.24148683979611155,0,0.22081676617432636,0
2020-11-23,1,0.0375,0,0.36663260908732015,1,0.39400409412075355,1
2020-11-24,0,0.0375,0,0.3757535737896191,1,0.39400409412075355,1
2020-11-25,0,0.0,0,0.22927624782950606,0,0.22081676617432636,0
2020-11-27,0,0.0,0,0.23562007283226022,0,0.22081676617432636,0
2020-11-30,1,0.0,0,0.2187769387588054,0,0.22081676617432636,0
2020-12-01,0,0.0,0,0.19338540806541032,0,0.22081676617432636,0
2020-12-02,0,0.0,0,0.1769816154156817,0,0.22081676617432636,0
2020-12-03,0,0.0,0,0.15518372416865656,0,0.22081676617432636,0
2020-12-04,0,0.0,0,0.17076728703259306,0,0.22081676617432636,0
2020-12-07,0,0.0,0,0.11753240946451465,0,0.0311802245482905,0
2020-12-08,0,0.0,0,0.16285359755359674,0,0.0311802245482905,0
2020-12-09,0,0.0375,0,0.1545580460631409,0,0.22081676617432636,0
2020-12-10,0,0.13333333333333333,0,0.3076169427659561,1,0.39400409412075355,1
2020-12-11,1,0.1576923076923077,0,0.3676607688280372,1,0.8433451118963488,1
2020-12-14,1,0.1576923076923077,0,0.47007793983849344,1,0.8433451118963488,1
2020-12-15,0,0.06435643564356436,0,0.5054164692484066,1,0.9954319761668323,1
2020-12-16,0,0.06435643564356436,0,0.30922576050535666,1,0.8433451118963488,1
2020-12-17,0,0.0375,0,0.24965226833706883,0,0.22081676617432636,0
2020-12-18,0,0.0,0,0.15877117024976514,0,0.22081676617432636,0
2020-12-21,1,0.0,0,0.23461986772110305,0,0.22081676617432636,0
2020-12-22,1,0.0,0,0.1919162146851271,0,0.22081676617432636,0
2020-12-23,1,0.0,0,0.36011674174627084,1,0.8433451118963488,1
2020-12-24,1,0.0,0,0.33150822060484825,1,0.8433451118963488,1
2020-12-28,1,0.0,0,0.40718227398502005,1,0.8433451118963488,1
2020-12-29,1,0.0,0,0.1170371502666108,0,0.0311802245482905,0
2020-12-30,1,0.0,0,0.16565302305087892,0,0.22081676617432636,0
2020-12-31,0,0.0,0,0.17005211454549604,0,0.22081676617432636,0
2021-01-04,1,0.0,0,0.11258227499463556,0,0.0311802245482905,0
2021-01-05,1,0.0,0,0.48764955461980336,1,0.9954319761668323,1
2021-01-06,1,0.0,0,0.41699143761667407,1,0.8433451118963488,1
2021-01-07,0,0.0,0,0.26096692263195387,0,0.22081676617432636,0
2021-01-08,0,0.0,0,0.14524880626162776,0,0.0311802245482905,0
2021-01-11,0,0.0,0,0.16285408090824333,0,0.0311802245482905,0
2021-01-12,0,0.0375,0,0.24083144952734822,0,0.0311802245482905,0
2021-01-13,0,0.0375,0,0.2717330185243944,0,0.22081676617432636,0
2021-01-14,1,0.06435643564356436,0,0.2614507515823388,0,0.22081676617432636,0
2021-01-15,1,0.13333333333333333,0,0.3440152373252989,1,0.8433451118963488,1
2021-01-19,1,0.23076923076923078,0,0.5473953550419854,1,0.9954319761668323,1
2021-01-20,0,0.06666666666666667,0,0.3895688525226982,1,0.8433451118963488,1
2021-01-21,0,0.0,0,0.15877444800784513,0,0.0311802245482905,0
2021-01-22,0,0.0,0,0.21202072050377543,0,0.0311802245482905,0
2021-01-25,0,0.0375,0,0.2957311832971973,0,0.22081676617432636,0
2021-01-26,0,0.0,0,0.256264707874094,0,0.22081676617432636,0
2021-01-27,1,0.06435643564356436,0,0.2716214601506851,0,0.22081676617432636,0
2021-01-28,1,0.24870466321243523,0,0.5991267627703329,1,0.9954319761668323,1
2021-01-29,1,0.23076923076923078,0,0.6040889915252698,1,0.9954319761668323,1
2021-02-01,1,0.2857142857142857,0,0.6042237965324978,1,0.9954319761668323,1
2021-02-02,1,0.06435643564356436,0,0.37634054213470847,1,0.857298356373136,1
2021-02-03,1,0.06666666666666667,0,0.34828654771623274,1,0.8433451118963488,1
2021-02-04,0,0.06435643564356436,0,0.22472554163367447,0,0.22081676617432636,0
2021-02-05,0,0.0,0,0.16666102941836772,0,0.22081676617432636,0
2021-02-08,0,0.0,0,0.17156587667614157,0,0.0311802245482905,0
2021-02-09,0,0.0,0,0.17794538061957244,0,0.0311802245482905,0
2021-02-10,0,0.0,0,0.21117160326484227,0,0.0311802245482905,0
2021-02-11,0,0.0,0,0.26200367444405936,0,0.22081676617432636,0
2021-02-12,0,0.0,0,0.25705540934576204,0,0.22081676617432636,0
2021-02-16,0,0.0,0,0.21609743647328786,0,0.22081676617432636,0
2021-02-17,0,0.06435643564356436,0,0.1772718302672738,0,0.22081676617432636,0
2021-02-18,0,0.06435643564356436,0,0.19257983227945058,0,0.22081676617432636,0
2021-02-19,0,0.06666666666666667,0,0.22993270635038987,0,0.8433451118963488,1
2021-02-22,0,0.20245398773006135,0,0.25625520404759117,0,0.8433451118963488,1
2021-02-23,0,0.46153846153846156,1,0.39987803433127056,1,0.9954319761668323,1
2021-02-24,0,0.3684210526315789,1,0.3334519223692573,1,0.8433451118963488,1
2021-02-25,0,0.13333333333333333,0,0.18719587157424358,0,0.8433451118963488,1
2021-02-26,1,0.24870466321243523,0,0.39803248856319684,1,0.9954319761668323,1
2021-03-01,0,0.3684210526315789,1,0.44227762477053023,1,0.9954319761668323,1
2021-03-02,0,0.23076923076923078,0,0.23100933954812658,0,0.22081676617432636,0
2021-03-03,1,0.46153846153846156,1,0.48651592167032187,1,0.9954319761668323,1
2021-03-04,1,0.5690140845070423,1,0.6205172932586812,1,0.9954319761668323,1
2021-03-05,1,0.46153846153846156,1,0.6328111374444975,1,0.9954319761668323,1
2021-03-08,1,0.2857142857142857,0,0.4473410353773472,1,0.22081676617432636,0
2021-03-09,1,0.6395348837209304,1,0.6675902570551017,1,0.9954319761668323,1
2021-03-10,0,0.23076923076923078,0,0.47711362045953926,1,0.857298356373136,1
2021-03-11,0,0.1576923076923077,0,0.3362794649018,1,0.22081676617432636,0
2021-03-12,0,0.13333333333333333,0,0.23636394982100875,0,0.22081676617432636,0
2021-03-15,0,0.1576923076923077,0,0.31754766761248515,1,0.22081676617432636,0
2021-03-16,0,0.1576923076923077,0,0.26603428470152646,0,0.0311802245482905,0
2021-03-17,0,0.1576923076923077,0,0.35718049431092663,1,0.22081676617432636,0
2021-03-18,0,0.13333333333333333,0,0.29242366749813264,0,0.22081676617432636,0
2021-03-19,0,0.59818081502615,1,0.6172218737877052,1,0.9954319761668323,1
2021-03-22,0,0.5690140845070423,1,0.6017415701168086,1,0.9954319761668323,1
2021-03-23,1,0.3684210526315789,1,0.4939952804653528,1,0.8433451118963488,1
2021-03-24,1,0.6395348837209304,1,0.6136328080773745,1,0.9954319761668323,1
2021-03-25,1,0.75,1,0.6787749240291657,1,0.9954319761668323,1
2021-03-26,1,0.5690140845070423,1,0.4891014485143818,1,0.9954319761668323,1
2021-03-29,1,0.23076923076923078,0,0.22626356707976503,0,0.22081676617432636,0
2021-03-30,1,0.46153846153846156,1,0.34987640808369475,1,0.22081676617432636,0
2021-03-31,1,0.3684210526315789,1,0.36702977688646526,1,0.22081676617432636,0
2021-04-01,1,0.24870466321243523,0,0.23852082333253696,0,0.22081676617432636,0
2021-04-05,0,0.0,0,0.15810344340899418,0,0.0311802245482905,0
2021-04-06,1,0.0,0,0.17106212436107543,0,0.0311802245482905,0
2021-04-07,1,0.0375,0,0.2078136145242668,0,0.0311802245482905,0
2021-04-08,1,0.0,0,0.17120757309112603,0,0.0311802245482905,0
2021-04-09,0,0.0,0,0.17000961618167765,0,0.0311802245482905,0
2021-04-12,0,0.0,0,0.16994062003406846,0,0.0311802245482905,0
2021-04-13,0,0.0,0,0.2135035365523433,0,0.0311802245482905,0
2021-04-14,1,0.0375,0,0.20383780303458318,0,0.0311802245482905,0
2021-04-15,0,0.13333333333333333,0,0.2673856211528193,0,0.22081676617432636,0
2021-04-16,0,0.13333333333333333,0,0.23816118004281642,0,0.22081676617432636,0
2021-04-19,0,0.2857142857142857,0,0.3676449166275205,1,0.42018779342722773,1
2021-04-20,1,0.3684210526315789,1,0.3564949822452296,1,0.22081676617432636,0
2021-04-21,0,0.46153846153846156,1,0.3603296353127169,1,0.8433451118963488,1
2021-04-22,1,0.5690140845070423,1,0.40265580910882237,1,0.22081676617432636,0
2021-04-23,0,0.46153846153846156,1,0.35454574177554327,1,0.8433451118963488,1
2021-04-26,0,0.23076923076923078,0,0.28312404067614755,0,0.8433451118963488,1
2021-04-27,0,0.34615384615384615,1,0.34546004428003585,1,0.22081676617432636,0
2021-04-28,0,0.24870466321243523,0,0.33863573666854974,1,0.22081676617432636,0
2021-04-29,0,0.23076923076923078,0,0.27173725108523145,0,0.22081676617432636,0
2021-04-30,0,0.06666666666666667,0,0.24699485315738814,0,0.22081676617432636,0
2021-05-03,0,0.20245398773006135,0,0.350993220700261,1,0.8433451118963488,1
2021-05-04,1,0.06666666666666667,0,0.22186334730055546,0,0.8433451118963488,1
2021-05-05,1,0.0,0,0.3144766982202676,1,0.8433451118963488,1
2021-05-06,0,0.0375,0,0.24799730781360887,0,0.8433451118963488,1
2021-05-07,0,0.0,0,0.20832442101116747,0,0.8433451118963488,1
2021-05-10,0,0.0,0,0.13575140147296427,0,0.0311802245482905,0
2021-05-11,0,0.0,0,0.22997812927945646,0,0.8433451118963488,1
2021-05-12,1,0.0,0,0.28912299936762886,0,0.9954319761668323,1
2021-05-13,1,0.0375,0,0.43371221506647156,1,0.9954319761668323,1
2021-05-14,0,0.06435643564356436,0,0.4227651768523703,1,0.857298356373136,1
2021-05-17,0,0.0,0,0.38689056470066885,1,0.8433451118963488,1
2021-05-18,0,0.0375,0,0.39000439463808406,1,0.9954319761668323,1
2021-05-19,1,0.06435643564356436,0,0.4587815945001545,1,0.9954319761668323,1
2021-05-20,0,0.13333333333333333,0,0.29537269332489363,0,0.22081676617432636,0
2021-05-21,0,0.06435643564356436,0,0.24660250933092256,0,0.22081676617432636,0
2021-05-24,0,0.13333333333333333,0,0.2971424327503475,0,0.9954319761668323,1
2021-05-25,0,0.0,0,0.16750600811051464,0,0.22081676617432636,0
2021-05-26,0,0.0375,0,0.2017939975461672,0,0.22081676617432636,0
2021-05-27,0,0.0,0,0.23091899189759246,0,0.22081676617432636,0
2021-05-28,0,0.0375,0,0.24274333693339648,0,0.22081676617432636,0
2021-06-01,0,0.0375,0,0.23134071064483722,0,0.22081676617432636,0
2021-06-02,0,0.06666666666666667,0,0.35942906173530736,1,0.8433451118963488,1
2021-06-03,1,0.06435643564356436,0,0.30172645369383494,1,0.42018779342722773,1
2021-06-04,0,0.06435643564356436,0,0.38772158978099397,1,0.8433451118963488,1
2021-06-07,0,0.06435643564356436,0,0.22992541806328093,0,0.42018779342722773,1
2021-06-08,0,0.1576923076923077,0,0.3840772896887658,1,0.42018779342722773,1
2021-06-09,0,0.13333333333333333,0,0.3929910455031553,1,0.42018779342722773,1
2021-06-10,0,0.1576923076923077,0,0.43281791617752413,1,0.42018779342722773,1
2021-06-11,0,0.06666666666666667,0,0.3243620184267647,1,0.42018779342722773,1
2021-06-14,0,0.13333333333333333,0,0.28467342225840686,0,0.42018779342722773,1
2021-06-15,0,0.13333333333333333,0,0.30151641757089975,1,0.42018779342722773,1
2021-06-16,0,0.23076923076923078,0,0.43450311023917537,1,0.42018779342722773,1
2021-06-17,0,0.23076923076923078,0,0.6022979427704495,1,0.8433451118963488,1
2021-06-18,1,0.46153846153846156,1,0.5978628663518423,1,0.8433451118963488,1
2021-06-21,1,0.6395348837209304,1,0.7469031604554823,1,0.9954319761668323,1
2021-06-22,1,0.46153846153846156,1,0.6050736535143864,1,0.8433451118963488,1
2021-06-23,1,0.2857142857142857,0,0.54613091628359,1,0.8433451118963488,1
2021-06-24,1,0.2857142857142857,0,0.43139611527355415,1,0.22081676617432636,0
2021-06-25,1,0.20245398773006135,0,0.22756821490542264,0,0.0311802245482905,0
2021-06-28,1,0.06666666666666667,0,0.18804004303732297,0,0.0311802245482905,0
2021-06-29,1,0.06435643564356436,0,0.18674267246787954,0,0.0311802245482905,0
2021-06-30,1,0.06435643564356436,0,0.2062850002499271,0,0.0311802245482905,0
2021-07-01,1,0.06666666666666667,0,0.24328708644683372,0,0.0311802245482905,0
2021-07-02,0,0.0375,0,0.21711547331679326,0,0.0311802245482905,0
2021-07-06,0,0.06435643564356436,0,0.30030334935891156,1,0.0311802245482905,0
2021-07-07,0,0.06435643564356436,0,0.24625726398543274,0,0.0311802245482905,0
2021-07-08,1,0.06666666666666667,0,0.24336816003743367,0,0.0311802245482905,0
2021-07-09,0,0.13333333333333333,0,0.40422485273627984,1,0.22081676617432636,0
2021-07-12,0,0.1576923076923077,0,0.26961495229239857,0,0.0311802245482905,0
2021-07-13,0,0.20245398773006135,0,0.2859065066292802,0,0.0311802245482905,0
2021-07-14,0,0.20245398773006135,0,0.3841627853974364,1,0.22081676617432636,0
2021-07-15,0,0.1576923076923077,0,0.35351457427948857,1,0.22081676617432636,0
2021-07-16,0,0.1576923076923077,0,0.38273702026387163,1,0.22081676617432636,0
2021-07-19,1,0.24870466321243523,0,0.48114693806718406,1,0.8433451118963488,1
2021-07-20,1,0.24870466321243523,0,0.48103198228499255,1,0.9954319761668323,1
2021-07-21,0,0.20245398773006135,0,0.40234789157676026,1,0.857298356373136,1
2021-07-22,0,0.06435643564356436,0,0.2784484897657579,0,0.8433451118963488,1
2021-07-23,0,0.0,0,0.1956779099172937,0,0.22081676617432636,0
2021-07-26,0,0.0,0,0.1453468160463956,0,0.0311802245482905,0
2021-07-27,0,0.0,0,0.14586247408123088,0,0.0311802245482905,0
2021-07-28,0,0.0,0,0.22863483126083203,0,0.22081676617432636,0
2021-07-29,0,0.0,0,0.21680963219551386,0,0.22081676617432636,0
2021-07-30,0,0.0,0,0.23004711913451056,0,0.42018779342722773,1
2021-08-02,1,0.0,0,0.27180372870872965,0,0.8433451118963488,1
2021-08-03,0,0.0375,0,0.44768644854740025,1,0.8433451118963488,1
2021-08-04,1,0.0,0,0.20900538179459707,0,0.22081676617432636,0
2021-08-05,0,0.20245398773006135,0,0.37849892999424817,1,0.8433451118963488,1
2021-08-06,0,0.06435643564356436,0,0.23444115995556672,0,0.22081676617432636,0
2021-08-09,0,0.23076923076923078,0,0.3571600394337823,1,0.22081676617432636,0
2021-08-10,0,0.46153846153846156,1,0.4376037101573826,1,0.22081676617432636,0
2021-08-11,0,0.3684210526315789,1,0.40286360718061065,1,0.22081676617432636,0
2021-08-12,0,0.23076923076923078,0,0.3945479792107121,1,0.22081676617432636,0
2021-08-13,0,0.20245398773006135,0,0.3192018835537841,1,0.22081676617432636,0
2021-08-16,0,0.20245398773006135,0,0.3383694912463522,1,0.22081676617432636,0
2021-08-17,0,0.13333333333333333,0,0.20935083431943008,0,0.0311802245482905,0
2021-08-18,1,0.3684210526315789,1,0.3602368368089023,1,0.22081676617432636,0
2021-08-19,1,0.6923076923076923,1,0.6379033572373675,1,0.9954319761668323,1
2021-08-20,1,0.6923076923076923,1,0.5868131926840465,1,0.9954319761668323,1
2021-08-23,0,0.5690140845070423,1,0.5290084665716782,1,0.8433451118963488,1
2021-08-24,1,0.1576923076923077,0,0.3291699797222545,1,0.8433451118963488,1
2021-08-25,0,0.1576923076923077,0,0.23536783782380383,0,0.0311802245482905,0
2021-08-26,1,0.13333333333333333,0,0.17919562124501193,0,0.0311802245482905,0
2021-08-27,0,0.23076923076923078,0,0.42699093025328727,1,0.22081676617432636,0
2021-08-30,0,0.06666666666666667,0,0.20795285578398476,0,0.0311802245482905,0
2021-08-31,0,0.0375,0,0.20612310477956036,0,0.0311802245482905,0
2021-09-01,0,0.06666666666666667,0,0.28475984744750166,0,0.0311802245482905,0
2021-09-02,0,0.06435643564356436,0,0.28725669301885637,0,0.22081676617432636,0
2021-09-03,0,0.0375,0,0.23463119935469628,0,0.0311802245482905,0
2021-09-07,0,0.06666666666666667,0,0.3296357310745929,1,0.22081676617432636,0
2021-09-08,0,0.24870466321243523,0,0.5357460301319199,1,0.8433451118963488,1
2021-09-09,0,0.20245398773006135,0,0.5525541858362947,1,0.8433451118963488,1
2021-09-10,0,0.23076923076923078,0,0.5432316068032039,1,0.8433451118963488,1
2021-09-13,0,0.24870466321243523,0,0.6324148010474614,1,0.9954319761668323,1
2021-09-14,0,0.2571428571428571,0,0.6175896126616337,1,0.9954319761668323,1
2021-09-15,0,0.23076923076923078,0,0.5983079402235204,1,0.9954319761668323,1
2021-09-16,0,0.20245398773006135,0,0.5113588026838827,1,0.8433451118963488,1
2021-09-17,0,0.23076923076923078,0,0.5226699894092479,1,0.9954319761668323,1
2021-09-20,1,0.24870466321243523,0,0.5583505175901909,1,0.9954319761668323,1
2021-09-21,1,0.06435643564356436,0,0.5522556388610704,1,0.9954319761668323,1
2021-09-22,0,0.06435643564356436,0,0.5533772099668182,1,0.9954319761668323,1
2021-09-23,0,0.06666666666666667,0,0.5222382207894604,1,0.857298356373136,1
2021-09-24,0,0.06435643564356436,0,0.517559395157456,1,0.857298356373136,1
2021-09-27,0,0.0375,0,0.3124582232618762,1,0.22081676617432636,0
2021-09-28,0,0.0375,0,0.35087104136994735,1,0.22081676617432636,0
2021-09-29,0,0.20245398773006135,0,0.46786980534931083,1,0.9954319761668323,1
2021-09-30,1,0.23076923076923078,0,0.6370518295346723,1,0.9954319761668323,1
2021-10-01,0,0.24870466321243523,0,0.640157681519449,1,0.9954319761668323,1
2021-10-04,1,0.24870466321243523,0,0.6658379351589067,1,0.857298356373136,1
2021-10-05,1,0.3684210526315789,1,0.7084047784305822,1,0.9954319761668323,1
2021-10-06,1,0.24870466321243523,0,0.564040995091384,1,0.857298356373136,1
2021-10-07,1,0.06435643564356436,0,0.519373458342062,1,0.9954319761668323,1
2021-10-08,1,0.06435643564356436,0,0.3848645531455818,1,0.22081676617432636,0
2021-10-11,1,0.0375,0,0.41756371580772994,1,0.22081676617432636,0
2021-10-12,1,0.06657043725140872,0,0.4162156470216688,1,0.22081676617432636,0
2021-10-13,1,0.06666666666666667,0,0.5611383699325553,1,0.9954319761668323,1
2021-10-14,1,0.06666666666666667,0,0.5642267058270247,1,0.9954319761668323,1
2021-10-15,1,0.0,0,0.2089348934099333,0,0.22081676617432636,0
2021-10-18,1,0.0,0,0.17320650444374203,0,0.0311802245482905,0
2021-10-19,1,0.0,0,0.17978455893607845,0,0.0311802245482905,0
2021-10-20,1,0.0,0,0.1869397112731432,0,0.0311802245482905,0
2021-10-21,0,0.0,0,0.2257957037754889,0,0.0311802245482905,0
2021-10-22,1,0.0375,0,0.21099980231009574,0,0.0311802245482905,0
2021-10-25,1,0.06435643564356436,0,0.21864716637185175,0,0.0311802245482905,0
2021-10-26,1,0.06435643564356436,0,0.2234413175079191,0,0.0311802245482905,0
2021-10-27,1,0.06666666666666667,0,0.2322769213601598,0,0.22081676617432636,0
2021-10-28,1,0.23076923076923078,0,0.2567529583690337,0,0.22081676617432636,0
2021-10-29,1,0.06666666666666667,0,0.25264927861352454,0,0.22081676617432636,0
2021-11-01,1,0.06666666666666667,0,0.2522163111622889,0,0.22081676617432636,0
2021-11-02,1,0.06666666666666667,0,0.25551235151808965,0,0.22081676617432636,0
2021-11-03,0,0.1576923076923077,0,0.2761234493354957,0,0.22081676617432636,0
2021-11-04,0,0.20245398773006135,0,0.27849724833780476,0,0.22081676617432636,0
2021-11-05,0,0.13333333333333333,0,0.23098271671689605,0,0.22081676617432636,0
2021-11-08,0,0.1576923076923077,0,0.2681915925815728,0,0.22081676617432636,0
2021-11-09,0,0.1576923076923077,0,0.2954283126931744,0,0.22081676617432636,0
2021-11-10,1,0.20245398773006135,0,0.3245014911094437,1,0.22081676617432636,0
2021-11-11,1,0.13333333333333333,0,0.3180450925797551,1,0.8433451118963488,1
2021-11-12,0,0.20245398773006135,0,0.44227080796482443,1,0.8433451118963488,1
2021-11-15,0,0.06666666666666667,0,0.34481927453770395,1,0.8433451118963488,1
2021-11-16,0,0.06666666666666667,0,0.3299256043115366,1,0.8433451118963488,1
2021-11-17,0,0.06435643564356436,0,0.29140576274184327,0,0.22081676617432636,0
2021-11-18,0,0.06435643564356436,0,0.2785234125398534,0,0.22081676617432636,0
2021-11-19,0,0.06666666666666667,0,0.2807895613977722,0,0.22081676617432636,0
2021-11-22,0,0.06435643564356436,0,0.2954132044182882,0,0.22081676617432636,0
2021-11-23,0,0.1576923076923077,0,0.4299738143039601,1,0.8433451118963488,1
2021-11-24,0,0.1576923076923077,0,0.4548562087647471,1,0.8433451118963488,1
2021-11-26,0,0.1576923076923077,0,0.33330117096833783,1,0.22081676617432636,0
2021-11-29,0,0.8313253012048193,1,0.5872211006199429,1,0.9954319761668323,1
2021-11-30,1,0.3684210526315789,1,0.5307150925703447,1,0.8433451118963488,1
2021-12-01,1,0.75,1,0.5937325577691739,1,0.9954319761668323,1
2021-12-02,1,0.6923076923076923,1,0.49023112067969693,1,0.9954319761668323,1
2021-12-03,1,0.5690140845070423,1,0.45686616080634174,1,0.9954319761668323,1
2021-12-06,1,0.7433628318584071,1,0.46619022513360214,1,0.9954319761668323,1
2021-12-07,0,0.2857142857142857,0,0.4452647196373827,1,0.9954319761668323,1
2021-12-08,0,0.0,0,0.1540251806655229,0,0.22081676617432636,0
2021-12-09,0,0.0,0,0.20850961432078186,0,0.22081676617432636,0
2021-12-10,0,0.0375,0,0.2475718223376831,0,0.22081676617432636,0
2021-12-13,0,0.0,0,0.1724584358357697,0,0.22081676617432636,0
2021-12-14,0,0.0375,0,0.23829641315482378,0,0.22081676617432636,0
2021-12-15,0,0.1576923076923077,0,0.3901380408350342,1,0.9954319761668323,1
2021-12-16,0,0.0375,0,0.17385072361743786,0,0.22081676617432636,0
2021-12-17,1,0.06435643564356436,0,0.3106659455335297,1,0.8433451118963488,1
2021-12-20,1,0.1576923076923077,0,0.4250652966866448,1,0.9954319761668323,1
2021-12-21,1,0.5690140845070423,1,0.4589650101835287,1,0.9954319761668323,1
2021-12-22,0,0.0,0,0.16805403332554733,0,0.22081676617432636,0
2021-12-23,0,0.0375,0,0.2736501079375677,0,0.8433451118963488,1
2021-12-27,0,0.0,0,0.23408382840092146,0,0.22081676617432636,0
2021-12-28,0,0.0,0,0.16203143866451494,0,0.0311802245482905,0
2021-12-29,0,0.0,0,0.2276797565279908,0,0.0311802245482905,0
2021-12-30,0,0.0,0,0.21190738639759438,0,0.22081676617432636,0
2021-12-31,0,0.0375,0,0.281328076619972,0,0.22081676617432636,0
2022-01-03,0,0.06435643564356436,0,0.26997166363485525,0,0.22081676617432636,0
2022-01-04,0,0.23076923076923078,0,0.43251005653848046,1,0.8433451118963488,1
2022-01-05,0,0.3684210526315789,1,0.4107248886974103,1,0.8433451118963488,1
2022-01-06,0,0.75,1,0.5901464021112213,1,0.9954319761668323,1
2022-01-07,0,0.6395348837209304,1,0.593184317000267,1,0.9954319761668323,1
2022-01-10,0,0.6923076923076923,1,0.5935789270883064,1,0.9954319761668323,1
2022-01-11,0,0.6923076923076923,1,0.613000813336625,1,0.9954319761668323,1
2022-01-12,0,0.5690140845070423,1,0.6173204180666149,1,0.857298356373136,1
2022-01-13,0,0.24870466321243523,0,0.322450582588589,1,0.22081676617432636,0
2022-01-14,0,0.7433628318584071,1,0.5968067593749546,1,0.9954319761668323,1
2022-01-18,0,0.75,1,0.5228931956380463,1,0.9954319761668323,1
2022-01-19,0,0.8939393939393939,1,0.6901563057112375,1,0.9954319761668323,1
2022-01-20,0,0.9111111111111111,1,0.6816715087268089,1,0.9954319761668323,1
2022-01-21,1,0.7433628318584071,1,0.6517687590709448,1,0.9954319761668323,1
2022-01-24,0,0.9111111111111111,1,0.6917773512368895,1,0.9954319761668323,1
2022-01-25,1,0.8939393939393939,1,0.6752712874305398,1,0.9954319761668323,1
2022-01-26,1,0.9111111111111111,1,0.6970993675368772,1,0.9954319761668323,1
2022-01-27,1,0.9111111111111111,1,0.7096410382498418,1,0.9954319761668323,1
2022-01-28,1,0.9111111111111111,1,0.7233747375989087,1,0.9954319761668323,1
2022-01-31,0,0.7433628318584071,1,0.40537060831591637,1,0.22081676617432636,0
2022-02-01,0,0.6395348837209304,1,0.42795466753567446,1,0.22081676617432636,0
2022-02-02,0,0.20245398773006135,0,0.40497397989112927,1,0.22081676617432636,0
2022-02-03,0,0.20245398773006135,0,0.35294865124518937,1,0.22081676617432636,0
2022-02-04,0,0.24870466321243523,0,0.41357811362721625,1,0.22081676617432636,0
2022-02-07,0,0.23076923076923078,0,0.37852582805235735,1,0.22081676617432636,0
2022-02-08,0,0.3684210526315789,1,0.6824507539705551,1,0.9954319761668323,1
2022-02-09,0,0.23076923076923078,0,0.5790820287337799,1,0.857298356373136,1
2022-02-10,0,0.06435643564356436,0,0.3157906812527491,1,0.857298356373136,1
2022-02-11,0,0.23076923076923078,0,0.36251236207848486,1,0.22081676617432636,0
2022-02-14,0,0.3684210526315789,1,0.5265674126425095,1,0.9954319761668323,1
2022-02-15,0,0.23076923076923078,0,0.5062612912215776,1,0.9954319761668323,1
2022-02-16,0,0.06666666666666667,0,0.4529951993587951,1,0.857298356373136,1
2022-02-17,0,0.20245398773006135,0,0.490249063660123,1,0.9954319761668323,1
2022-02-18,0,0.2857142857142857,0,0.5420610990687632,1,0.9954319761668323,1
2022-02-22,0,0.34615384615384615,1,0.595621107632489,1,0.9954319761668323,1
2022-02-23,1,0.24870466321243523,0,0.6086134057256399,1,0.9954319761668323,1
2022-02-24,0,0.35714285714285715,1,0.6262085968417206,1,0.9954319761668323,1
2022-02-25,0,0.1576923076923077,0,0.562548274851224,1,0.857298356373136,1
2022-02-28,0,0.23076923076923078,0,0.4987193776705353,1,0.857298356373136,1
2022-03-01,0,0.24870466321243523,0,0.37677749995008747,1,0.22081676617432636,0
2022-03-02,0,0.46153846153846156,1,0.5822763353750671,1,0.9954319761668323,1
2022-03-03,0,0.1576923076923077,0,0.4029533250520247,1,0.22081676617432636,0
2022-03-04,0,0.3684210526315789,1,0.4040957481247095,1,0.22081676617432636,0
2022-03-07,1,0.5690140845070423,1,0.6606618758413487,1,0.9954319761668323,1
2022-03-08,1,0.6923076923076923,1,0.6788332555035527,1,0.9954319761668323,1
2022-03-09,1,0.3684210526315789,1,0.6882618421322186,1,0.9954319761668323,1
2022-03-10,1,0.23076923076923078,0,0.6311320699964847,1,0.857298356373136,1
2022-03-11,1,0.1576923076923077,0,0.6419623414260731,1,0.9954319761668323,1
2022-03-14,1,0.23076923076923078,0,0.6466818712426919,1,0.9954319761668323,1
2022-03-15,1,0.1576923076923077,0,0.6606597967135478,1,0.9954319761668323,1
2022-03-16,1,0.0,0,0.33474900823843307,1,0.22081676617432636,0
2022-03-17,1,0.0,0,0.19292625248083403,0,0.22081676617432636,0
2022-03-18,1,0.0375,0,0.2670053871597278,0,0.22081676617432636,0
2022-03-21,1,0.0,0,0.1450079211187892,0,0.0311802245482905,0
2022-03-22,0,0.0,0,0.19186010964607325,0,0.0311802245482905,0
2022-03-23,1,0.0,0,0.14001082754384986,0,0.0311802245482905,0
2022-03-24,0,0.06435643564356436,0,0.23606195095412094,0,0.22081676617432636,0
2022-03-25,0,0.0375,0,0.1405458606461234,0,0.0311802245482905,0
2022-03-28,0,0.0375,0,0.19558365726035326,0,0.0311802245482905,0
2022-03-29,0,0.0,0,0.1899061209038774,0,0.0311802245482905,0
2022-03-30,0,0.0,0,0.13814718652388458,0,0.0311802245482905,0
2022-03-31,0,0.0375,0,0.27488729661034444,0,0.22081676617432636,0
2022-04-01,0,0.0375,0,0.2464073403712263,0,0.22081676617432636,0
2022-04-04,0,0.06666666666666667,0,0.3635940005960778,1,0.9954319761668323,1
2022-04-05,0,0.0375,0,0.3107284052540938,1,0.857298356373136,1
2022-04-06,0,0.06666666666666667,0,0.4774385252409469,1,0.9954319761668323,1
2022-04-07,0,0.06666666666666667,0,0.46457936305274494,1,0.9954319761668323,1
2022-04-08,0,0.06435643564356436,0,0.5165670556663552,1,0.9954319761668323,1
2022-04-11,0,0.06435643564356436,0,0.4358913637286067,1,0.9954319761668323,1
2022-04-12,0,0.13333333333333333,0,0.510339104473887,1,0.9954319761668323,1
2022-04-13,0,0.13333333333333333,0,0.5697404295054139,1,0.9954319761668323,1
2022-04-14,0,0.23076923076923078,0,0.5275416074250987,1,0.857298356373136,1
2022-04-18,0,0.23076923076923078,0,0.5756299418056561,1,0.9954319761668323,1
2022-04-19,0,0.1576923076923077,0,0.5360782770980702,1,0.9954319761668323,1
2022-04-20,0,0.0375,0,0.2767525871263892,0,0.22081676617432636,0
2022-04-21,0,0.06435643564356436,0,0.30764449725781373,1,0.22081676617432636,0
2022-04-22,0,0.06666666666666667,0,0.5089960483982544,1,0.9954319761668323,1
2022-04-25,0,0.06435643564356436,0,0.4765926892474096,1,0.9954319761668323,1
2022-04-26,1,0.06666666666666667,0,0.4789332262281591,1,0.857298356373136,1
2022-04-27,1,0.23076923076923078,0,0.5720117457432549,1,0.9954319761668323,1
2022-04-28,0,0.13333333333333333,0,0.5189168527203855,1,0.857298356373136,1
2022-04-29,1,0.06435643564356436,0,0.4951579016027129,1,0.857298356373136,1
2022-05-02,1,0.13333333333333333,0,0.5340960264107991,1,0.9954319761668323,1
2022-05-03,0,0.1576923076923077,0,0.34485287516838947,1,0.857298356373136,1
2022-05-04,0,0.20245398773006135,0,0.29891683805807734,0,0.9954319761668323,1
2022-05-05,0,0.06435643564356436,0,0.22222452962234945,0,0.22081676617432636,0
2022-05-06,0,0.23076923076923078,0,0.38413953878874063,1,0.9954319761668323,1
2022-05-09,0,0.23076923076923078,0,0.31509611525972625,1,0.9954319761668323,1
2022-05-10,0,0.1576923076923077,0,0.39508445735332215,1,0.9954319761668323,1
2022-05-11,1,0.1576923076923077,0,0.3749968739040698,1,0.857298356373136,1
2022-05-12,1,0.24870466321243523,0,0.43210969949315314,1,0.9954319761668323,1
2022-05-13,0,0.46153846153846156,1,0.46272034336634277,1,0.9954319761668323,1
2022-05-16,0,0.3684210526315789,1,0.38466319947922883,1,0.857298356373136,1
2022-05-17,0,0.46153846153846156,1,0.27235112482124046,0,0.22081676617432636,0
2022-05-18,1,0.06666666666666667,0,0.22750046242332594,0,0.22081676617432636,0
2022-05-19,1,0.3684210526315789,1,0.32942099871688,1,0.9954319761668323,1
2022-05-20,1,0.46153846153846156,1,0.4300110151667522,1,0.9954319761668323,1
2022-05-23,1,0.46153846153846156,1,0.4179128524985979,1,0.9954319761668323,1
2022-05-24,1,0.3684210526315789,1,0.403795280556751,1,0.857298356373136,1
2022-05-25,1,0.46153846153846156,1,0.4286919161684977,1,0.9954319761668323,1
2022-05-26,0,0.24870466321243523,0,0.2497241952699807,0,0.22081676617432636,0
2022-05-27,0,0.06435643564356436,0,0.1472712537163928,0,0.22081676617432636,0
2022-05-31,0,0.0375,0,0.16825520653298173,0,0.22081676617432636,0
2022-06-01,0,0.06666666666666667,0,0.2654821032660213,0,0.22081676617432636,0
2022-06-02,0,0.06435643564356436,0,0.2794446791864648,0,0.22081676617432636,0
2022-06-03,0,0.0,0,0.1705437613017649,0,0.14114611023829002,0
2022-06-06,0,0.1576923076923077,0,0.32008994982124567,1,0.22081676617432636,0
2022-06-07,0,0.20245398773006135,0,0.5405131598492474,1,0.9954319761668323,1
2022-06-08,0,0.06435643564356436,0,0.3515712745106388,1,0.22081676617432636,0
2022-06-09,0,0.13333333333333333,0,0.28122029493890116,0,0.22081676617432636,0
2022-06-10,0,0.2857142857142857,0,0.5238487304569136,1,0.9954319761668323,1
2022-06-13,0,0.24870466321243523,0,0.5627649835963292,1,0.9954319761668323,1
2022-06-14,1,0.1576923076923077,0,0.6078503301365146,1,0.9954319761668323,1
2022-06-15,0,0.24870466321243523,0,0.6080516910130545,1,0.9954319761668323,1
2022-06-16,1,0.23076923076923078,0,0.5976960244042954,1,0.857298356373136,1
2022-06-17,1,0.24870466321243523,0,0.6144773038577843,1,0.9954319761668323,1
2022-06-21,1,0.5690140845070423,1,0.6454523860283561,1,0.9954319761668323,1
2022-06-22,1,0.24870466321243523,0,0.3162877973926483,1,0.22081676617432636,0
2022-06-23,0,0.3684210526315789,1,0.422172594212193,1,0.22081676617432636,0
2022-06-24,0,0.2857142857142857,0,0.5269784521079186,1,0.857298356373136,1
2022-06-27,0,0.23076923076923078,0,0.34115078782749125,1,0.22081676617432636,0
2022-06-28,0,0.3684210526315789,1,0.4332527239354603,1,0.22081676617432636,0
2022-06-29,0,0.24870466321243523,0,0.3959681293742375,1,0.22081676617432636,0
2022-06-30,0,0.23076923076923078,0,0.37424415105612197,1,0.22081676617432636,0
2022-07-01,0,0.24870466321243523,0,0.538851599459966,1,0.9954319761668323,1
2022-07-05,0,0.5690140845070423,1,0.44914713152169145,1,0.9954319761668323,1
2022-07-06,0,0.20245398773006135,0,0.4329041145105222,1,0.857298356373136,1
2022-07-07,0,0.20245398773006135,0,0.2858240788095575,0,0.22081676617432636,0
2022-07-08,0,0.0375,0,0.1928943107615676,0,0.22081676617432636,0
2022-07-11,0,0.0375,0,0.23469534515357776,0,0.22081676617432636,0
2022-07-12,1,0.0,0,0.2693747648353732,0,0.22081676617432636,0
2022-07-13,1,0.0,0,0.299474258844103,0,0.9954319761668323,1
2022-07-14,1,0.0,0,0.4384961677957066,1,0.9954319761668323,1
2022-07-15,1,0.0,0,0.39931742022448263,1,0.9954319761668323,1
2022-07-18,1,0.0,0,0.29420441228305366,0,0.857298356373136,1
2022-07-19,1,0.0,0,0.4416135000942929,1,0.9954319761668323,1
2022-07-20,1,0.0,0,0.1604940940617062,0,0.14114611023829002,0
2022-07-21,1,0.0,0,0.17056232550476,0,0.14114611023829002,0
2022-07-22,1,0.0,0,0.18807894628369837,0,0.14114611023829002,0
2022-07-25,1,0.0,0,0.2403023693827151,0,0.22081676617432636,0
2022-07-26,1,0.0,0,0.23777114891893114,0,0.22081676617432636,0
2022-07-27,1,0.0,0,0.30537095714837703,1,0.9954319761668323,1
2022-07-28,0,0.0,0,0.1643203575229435,0,0.14114611023829002,0
2022-07-29,0,0.0,0,0.14174318066763628,0,0.14114611023829002,0
2022-08-01,0,0.0,0,0.15039398303532392,0,0.14114611023829002,0
2022-08-02,1,0.0,0,0.14550395187102538,0,0.14114611023829002,0
2022-08-03,1,0.0,0,0.2302194838792574,0,0.22081676617432636,0
2022-08-04,1,0.0,0,0.11059937971847407,0,0.14114611023829002,0
2022-08-05,1,0.0375,0,0.18486019391136732,0,0.22081676617432636,0
2022-08-08,1,0.0,0,0.24251559038725096,0,0.22081676617432636,0
2022-08-09,1,0.0,0,0.24629846606631828,0,0.22081676617432636,0
2022-08-10,1,0.0,0,0.2515199561055178,0,0.22081676617432636,0
2022-08-11,1,0.0,0,0.15874667933102643,0,0.22081676617432636,0
2022-08-12,0,0.0,0,0.22586871836413921,0,0.22081676617432636,0
2022-08-15,0,0.0,0,0.11455959713154001,0,0.0311802245482905,0
2022-08-16,0,0.0,0,0.11966743600976171,0,0.0311802245482905,0
2022-08-17,0,0.0,0,0.15457804610231915,0,0.0311802245482905,0
2022-08-18,0,0.0375,0,0.24459130711836716,0,0.22081676617432636,0
2022-08-19,0,0.0,0,0.20283903792100577,0,0.22081676617432636,0
2022-08-22,0,0.06435643564356436,0,0.43997783187516915,1,0.9954319761668323,1
2022-08-23,0,0.06666666666666667,0,0.5203596083304168,1,0.9954319761668323,1
2022-08-24,0,0.06666666666666667,0,0.5846784553058064,1,0.9954319761668323,1
2022-08-25,0,0.0,0,0.5944515608154389,1,0.9954319761668323,1
2022-08-26,0,0.0,0,0.4324827593871814,1,0.857298356373136,1
2022-08-29,0,0.0,0,0.5814277296237451,1,0.9954319761668323,1
2022-08-30,0,0.06435643564356436,0,0.553551118142737,1,0.9954319761668323,1
2022-08-31,1,0.0375,0,0.5593853534657715,1,0.9954319761668323,1
2022-09-01,1,0.06435643564356436,0,0.6080863884667472,1,0.9954319761668323,1
2022-09-02,1,0.1576923076923077,0,0.47173307133225434,1,0.9954319761668323,1
2022-09-06,1,0.13333333333333333,0,0.44408234635615773,1,0.9954319761668323,1
2022-09-07,1,0.13333333333333333,0,0.4378299860063191,1,0.9954319761668323,1
2022-09-08,1,0.06666666666666667,0,0.3122430404439777,1,0.857298356373136,1
2022-09-09,0,0.1576923076923077,0,0.2940585005892461,0,0.22081676617432636,0
2022-09-12,0,0.06435643564356436,0,0.2688620644355514,0,0.22081676617432636,0
2022-09-13,0,0.0375,0,0.2632231217697132,0,0.22081676617432636,0
2022-09-14,0,0.06666666666666667,0,0.2863073796558421,0,0.22081676617432636,0
2022-09-15,0,0.1576923076923077,0,0.4230728624409294,1,0.9954319761668323,1
2022-09-16,0,0.20245398773006135,0,0.44099375512269495,1,0.9954319761668323,1
2022-09-19,0,0.20245398773006135,0,0.44689252434119564,1,0.9954319761668323,1
2022-09-20,0,0.06666666666666667,0,0.4201869213629161,1,0.9954319761668323,1
2022-09-21,0,0.1576923076923077,0,0.47818434570317236,1,0.9954319761668323,1
2022-09-22,0,0.1576923076923077,0,0.43398720585096356,1,0.9954319761668323,1
2022-09-23,0,0.20245398773006135,0,0.45223010683681686,1,0.9954319761668323,1
2022-09-26,1,0.20245398773006135,0,0.4770499980803864,1,0.9954319761668323,1
2022-09-27,1,0.3684210526315789,1,0.4790664316089284,1,0.9954319761668323,1
2022-09-28,0,0.46153846153846156,1,0.46751084601280707,1,0.9954319761668323,1
2022-09-29,1,0.46153846153846156,1,0.45584021749137543,1,0.9954319761668323,1
2022-09-30,1,0.24870466321243523,0,0.47364591146968804,1,0.9954319761668323,1
2022-10-03,0,0.5690140845070423,1,0.47482390025848686,1,0.9954319761668323,1
2022-10-04,0,0.13333333333333333,0,0.3334768425146579,1,0.22081676617432636,0
2022-10-05,0,0.06666666666666667,0,0.31223064856446187,1,0.22081676617432636,0
2022-10-06,0,0.06435643564356436,0,0.3733143838755847,1,0.22081676617432636,0
2022-10-07,0,0.06435643564356436,0,0.3917644583334243,1,0.22081676617432636,0
2022-10-10,0,0.13333333333333333,0,0.41056289267631557,1,0.22081676617432636,0
2022-10-11,1,0.1576923076923077,0,0.6599993739641093,1,0.9954319761668323,1
2022-10-12,1,0.13333333333333333,0,0.6647383015788463,1,0.9954319761668323,1
2022-10-13,1,0.06666666666666667,0,0.6644727308115739,1,0.9954319761668323,1
2022-10-14,1,0.06435643564356436,0,0.5800353170701353,1,0.857298356373136,1
2022-10-17,1,0.1576923076923077,0,0.6673145337338489,1,0.9954319761668323,1
2022-10-18,1,0.0,0,0.3094356120438818,1,0.22081676617432636,0
2022-10-19,1,0.0375,0,0.2739384003075801,0,0.22081676617432636,0
2022-10-20,1,0.0375,0,0.3130606972216179,1,0.22081676617432636,0
2022-10-21,1,0.23076923076923078,0,0.5487680400018042,1,0.9954319761668323,1
2022-10-24,0,0.0,0,0.1905723114008132,0,0.22081676617432636,0
2022-10-25,0,0.0,0,0.25643021698309404,0,0.14114611023829002,0
2022-10-26,0,0.0,0,0.1950896140070398,0,0.14114611023829002,0
2022-10-27,0,0.0,0,0.3081036698578145,1,0.22081676617432636,0
2022-10-28,0,0.0375,0,0.3180877453626044,1,0.22081676617432636,0
2022-10-31,0,0.0,0,0.1720168605956322,0,0.14114611023829002,0
2022-11-01,0,0.0,0,0.2910694009256758,0,0.22081676617432636,0
2022-11-02,1,0.23076923076923078,0,0.3361925519391056,1,0.9954319761668323,1
2022-11-03,1,0.06666666666666667,0,0.3987695420652762,1,0.9954319761668323,1
2022-11-04,1,0.06666666666666667,0,0.43761788875919705,1,0.9954319761668323,1
2022-11-07,1,0.0375,0,0.3074263336485929,1,0.857298356373136,1
2022-11-08,1,0.0,0,0.30511163157678384,1,0.857298356373136,1
2022-11-09,1,0.0,0,0.38019212818869197,1,0.9954319761668323,1
2022-11-10,0,0.20245398773006135,0,0.35026668197558586,1,0.9954319761668323,1
2022-11-11,0,0.0,0,0.16469269609804887,0,0.14114611023829002,0
2022-11-14,0,0.0,0,0.17583042652003555,0,0.14114611023829002,0
2022-11-15,0,0.0375,0,0.31131122252740084,1,0.22081676617432636,0
2022-11-16,0,0.0,0,0.26390616844633324,0,0.14114611023829002,0
2022-11-17,0,0.0,0,0.2892779738779649,0,0.22081676617432636,0
2022-11-18,0,0.06435643564356436,0,0.3604631137457783,1,0.9954319761668323,1
2022-11-21,1,0.06435643564356436,0,0.4661115223390338,1,0.9954319761668323,1
2022-11-22,0,0.0,0,0.3390356553086959,1,0.9954319761668323,1
2022-11-23,0,0.0,0,0.17642014925730914,0,0.22081676617432636,0
2022-11-25,0,0.0,0,0.2801343110051109,0,0.22081676617432636,0
2022-11-28,1,0.0,0,0.27739716343452414,0,0.22081676617432636,0
2022-11-29,1,0.0,0,0.34802721423144656,1,0.9954319761668323,1
2022-11-30,0,0.0,0,0.3043114054759678,1,0.22081676617432636,0
2022-12-01,0,0.0,0,0.15813734987630562,0,0.22081676617432636,0
2022-12-02,0,0.0,0,0.27919260138589264,0,0.22081676617432636,0
2022-12-05,0,0.0,0,0.29433549677952764,0,0.22081676617432636,0
2022-12-06,0,0.0,0,0.2961779916259083,0,0.22081676617432636,0
2022-12-07,0,0.0,0,0.35206404064629393,1,0.9954319761668323,1
2022-12-08,0,0.0,0,0.4582356707218893,1,0.9954319761668323,1
2022-12-09,0,0.0,0,0.42418273950147184,1,0.857298356373136,1
2022-12-12,0,0.0,0,0.4649740187480278,1,0.9954319761668323,1
2022-12-13,0,0.0,0,0.3151167235747061,1,0.857298356373136,1
2022-12-14,0,0.0,0,0.26054873950768564,0,0.22081676617432636,0
2022-12-15,0,0.0,0,0.2985433780225604,0,0.22081676617432636,0
2022-12-16,0,0.0,0,0.45162552640972775,1,0.9954319761668323,1
2022-12-19,0,0.0,0,0.5038879028143798,1,0.9954319761668323,1
2022-12-20,0,0.0,0,0.5016836587959815,1,0.9954319761668323,1
2022-12-21,0,0.0,0,0.4811679732237164,1,0.9954319761668323,1
2022-12-22,0,0.0,0,0.4326417278767604,1,0.857298356373136,1
2022-12-23,0,0.0375,0,0.4652355360192844,1,0.9954319761668323,1
2022-12-27,0,0.0,0,0.36172094782326036,1,0.9954319761668323,1
2022-12-28,1,0.0375,0,0.32418697433788257,1,0.22081676617432636,0
2022-12-29,0,0.2571428571428571,0,0.4688619901601602,1,0.9954319761668323,1
2022-12-30,1,0.0,0,0.39606298775291926,1,0.857298356373136,1
2023-01-03,1,0.20245398773006135,0,0.3164983740847812,1,0.22081676617432636,0
2023-01-04,1,0.0,0,0.6560704646001839,1,0.9954319761668323,1
2023-01-05,1,0.0,0,0.44196942003982376,1,0.22081676617432636,0
2023-01-06,1,0.0,0,0.4437423859909901,1,0.22081676617432636,0
2023-01-09,1,0.0,0,0.23270500456613455,0,0.22081676617432636,0
2023-01-10,0,0.0,0,0.37555225172260864,1,0.22081676617432636,0
2023-01-11,0,0.0,0,0.3436552780710199,1,0.22081676617432636,0
2023-01-12,0,0.0,0,0.2595255132154943,0,0.22081676617432636,0
2023-01-13,0,0.0,0,0.24006224495518325,0,0.14114611023829002,0
2023-01-17,0,0.0,0,0.24802892346619693,0,0.14114611023829002,0
2023-01-18,1,0.0,0,0.24342294440903312,0,0.14114611023829002,0
2023-01-19,1,0.0,0,0.37680144934983445,1,0.22081676617432636,0
2023-01-20,1,0.0,0,0.5874960063176905,1,0.9954319761668323,1
2023-01-23,1,0.0,0,0.31144406039062394,1,0.857298356373136,1
2023-01-24,1,0.0,0,0.25898056000540476,0,0.14114611023829002,0
2023-01-25,1,0.0,0,0.37442321695658065,1,0.22081676617432636,0
2023-01-26,1,0.0,0,0.35392413620270086,1,0.22081676617432636,0
2023-01-27,1,0.0,0,0.23651726811182863,0,0.14114611023829002,0
2023-01-30,1,0.0,0,0.2950612832458376,0,0.14114611023829002,0
2023-01-31,1,0.0,0,0.47200064049963925,1,0.9954319761668323,1
2023-02-01,0,0.0,0,0.37565766921225774,1,0.22081676617432636,0
2023-02-02,0,0.0,0,0.13867226721289927,0,0.14114611023829002,0
2023-02-03,0,0.0,0,0.12421157574635584,0,0.14114611023829002,0
2023-02-06,0,0.0,0,0.25961630412346043,0,0.22081676617432636,0
2023-02-07,0,0.0,0,0.26232573578252005,0,0.22081676617432636,0
2023-02-08,0,0.0,0,0.12790825127960562,0,0.14114611023829002,0
2023-02-09,0,0.0,0,0.318859147981593,1,0.9954319761668323,1
2023-02-10,0,0.0,0,0.4607470225227522,1,0.9954319761668323,1
2023-02-13,0,0.0,0,0.4634471737593327,1,0.9954319761668323,1
2023-02-14,0,0.0,0,0.1877289918719248,0,0.22081676617432636,0
2023-02-15,0,0.0,0,0.44287297821771243,1,0.9954319761668323,1
2023-02-16,0,0.0,0,0.27051612182050994,0,0.22081676617432636,0
2023-02-17,0,0.0,0,0.2814566601354999,0,0.22081676617432636,0
2023-02-21,0,0.0,0,0.34352983128300035,1,0.9954319761668323,1
2023-02-22,0,0.0,0,0.4592790902325147,1,0.9954319761668323,1
2023-02-23,0,0.0,0,0.45850214675732737,1,0.9954319761668323,1
2023-02-24,1,0.0,0,0.45079952839796744,1,0.857298356373136,1
2023-02-27,0,0.0,0,0.49355323921679145,1,0.9954319761668323,1
2023-02-28,1,0.0,0,0.4553427314569723,1,0.9954319761668323,1
2023-03-01,1,0.0,0,0.5045932019419298,1,0.9954319761668323,1
2023-03-02,1,0.0,0,0.47309687361384434,1,0.9954319761668323,1
2023-03-03,0,0.0,0,0.4301374351877703,1,0.857298356373136,1
2023-03-06,0,0.0,0,0.2664862701366199,0,0.22081676617432636,0
2023-03-07,0,0.0,0,0.26734057505301884,0,0.42018779342722773,1
2023-03-08,0,0.0,0,0.3232537527954898,1,0.22081676617432636,0
2023-03-09,0,0.0,0,0.2869916271730106,0,0.42018779342722773,1
2023-03-10,1,0.0,0,0.49381267842813625,1,0.9954319761668323,1
2023-03-13,1,0.0,0,0.4612994634509504,1,0.9954319761668323,1
2023-03-14,1,0.0,0,0.4355465682008758,1,0.9954319761668323,1
2023-03-15,1,0.0,0,0.4418442589184809,1,0.857298356373136,1
2023-03-16,0,0.06666666666666667,0,0.47328649021012636,1,0.9954319761668323,1
2023-03-17,0,0.0,0,0.2541860760973163,0,0.22081676617432636,0
2023-03-20,0,0.0,0,0.3177476617648019,1,0.22081676617432636,0
2023-03-21,0,0.0,0,0.28254820931026664,0,0.22081676617432636,0
2023-03-22,1,0.0,0,0.24653895807158752,0,0.22081676617432636,0
2023-03-23,1,0.0,0,0.3225965501720597,1,0.22081676617432636,0
2023-03-24,1,0.0,0,0.31419931519482924,1,0.857298356373136,1
2023-03-27,1,0.0,0,0.2943679611529456,0,0.22081676617432636,0
2023-03-28,1,0.0,0,0.31451431071857905,1,0.22081676617432636,0
2023-03-29,1,0.0,0,0.4532423974652329,1,0.9954319761668323,1
2023-03-30,0,0.0,0,0.15895652175748476,0,0.22081676617432636,0
2023-03-31,0,0.0,0,0.278367095021431,0,0.22081676617432636,0
2023-04-03,0,0.0,0,0.18245925424190954,0,0.14114611023829002,0
2023-04-04,0,0.0,0,0.2002179121636342,0,0.14114611023829002,0
2023-04-05,0,0.0,0,0.27446590683549127,0,0.14114611023829002,0
2023-04-06,0,0.0,0,0.3829822534890288,1,0.22081676617432636,0
2023-04-10,0,0.0,0,0.33109922484801235,1,0.22081676617432636,0
2023-04-11,0,0.0,0,0.44479575538112565,1,0.9954319761668323,1
2023-04-12,1,0.0,0,0.5004787290271385,1,0.9954319761668323,1
2023-04-13,0,0.0,0,0.47808414386513515,1,0.9954319761668323,1
2023-04-14,0,0.0,0,0.21634437289176311,0,0.42018779342722773,1
2023-04-17,0,0.0,0,0.36564812414862563,1,0.42018779342722773,1
2023-04-18,0,0.0,0,0.32363005877962403,1,0.42018779342722773,1
2023-04-19,0,0.0,0,0.3126335786715076,1,0.22081676617432636,0
2023-04-20,0,0.0,0,0.3171835741293589,1,0.22081676617432636,0
2023-04-21,0,0.0,0,0.4678416413518071,1,0.9954319761668323,1
2023-04-24,0,0.0,0,0.4663127340827093,1,0.9954319761668323,1
2023-04-25,1,0.0,0,0.4881527562884691,1,0.9954319761668323,1
2023-04-26,1,0.0,0,0.6358108630656744,1,0.9954319761668323,1
2023-04-27,0,0.0,0,0.5824239844888236,1,0.857298356373136,1
2023-04-28,0,0.0,0,0.3408270903813718,1,0.857298356373136,1
2023-05-01,0,0.0,0,0.24759643291494046,0,0.14114611023829002,0
2023-05-02,0,0.0,0,0.28491761684364714,0,0.22081676617432636,0
2023-05-03,0,0.0,0,0.3721117229708471,1,0.22081676617432636,0
2023-05-04,1,0.0,0,0.3973488473429822,1,0.22081676617432636,0
2023-05-05,0,0.0,0,0.6749830419960526,1,0.9954319761668323,1
2023-05-08,0,0.0,0,0.4004328717175796,1,0.857298356373136,1
2023-05-09,1,0.0,0,0.6238741580122102,1,0.9954319761668323,1
2023-05-10,0,0.0,0,0.5452792628180726,1,0.9954319761668323,1
2023-05-11,1,0.0,0,0.3327461890886747,1,0.22081676617432636,0
2023-05-12,1,0.0,0,0.3656920462689862,1,0.22081676617432636,0
2023-05-15,1,0.0,0,0.5191566016493816,1,0.9954319761668323,1
2023-05-16,1,0.0,0,0.4782130469306497,1,0.9954319761668323,1
2023-05-17,0,0.0,0,0.5264579316356983,1,0.9954319761668323,1
2023-05-18,0,0.0,0,0.32968996476266327,1,0.22081676617432636,0
2023-05-19,0,0.0,0,0.12321089371889239,0,0.14114611023829002,0
2023-05-22,0,0.0,0,0.22808915559217224,0,0.14114611023829002,0
2023-05-23,1,0.0,0,0.25227625838047424,0,0.22081676617432636,0
2023-05-24,1,0.0,0,0.3586838855591915,1,0.22081676617432636,0
2023-05-25,1,0.0,0,0.6334084333897892,1,0.9954319761668323,1
2023-05-26,1,0.0,0,0.3765947917915109,1,0.857298356373136,1
2023-05-30,1,0.0,0,0.13961543281014294,0,0.14114611023829002,0
2023-05-31,1,0.0,0,0.2567741667958329,0,0.22081676617432636,0
2023-06-01,1,0.0,0,0.3384896580354597,1,0.22081676617432636,0
2023-06-02,1,0.0,0,0.1979921071916904,0,0.14114611023829002,0
2023-06-05,1,0.0,0,0.14614032201115182,0,0.0311802245482905,0
2023-06-06,1,0.0,0,0.1858530556088885,0,0.0311802245482905,0
2023-06-07,1,0.0,0,0.1707459993288011,0,0.0311802245482905,0
2023-06-08,1,0.0,0,0.2956991765073744,0,0.22081676617432636,0
2023-06-09,1,0.0,0,0.19905733905847062,0,0.0311802245482905,0
2023-06-12,1,0.0,0,0.2526088860733984,0,0.22081676617432636,0
2023-06-13,1,0.0,0,0.12802358360251423,0,0.0311802245482905,0
2023-06-14,0,0.0,0,0.1686467522948217,0,0.0311802245482905,0
2023-06-15,0,0.0,0,0.20142199618891157,0,0.0311802245482905,0
2023-06-16,0,0.0,0,0.18897945751976974,0,0.0311802245482905,0
2023-06-20,0,0.0,0,0.2452964367640024,0,0.0311802245482905,0
2023-06-21,1,0.0,0,0.31050814563442525,1,0.22081676617432636,0
2023-06-22,1,0.0,0,0.3874497080566601,1,0.9954319761668323,1
2023-06-23,1,0.0,0,0.2984645781343378,0,0.22081676617432636,0
2023-06-26,1,0.0,0,0.5654418665914228,1,0.9954319761668323,1
2023-06-27,1,0.0,0,0.5302993971895665,1,0.9954319761668323,1
2023-06-28,1,0.0,0,0.2620038985881342,0,0.857298356373136,1
2023-06-29,1,0.0,0,0.3416648016364517,1,0.22081676617432636,0
2023-06-30,0,0.0,0,0.31707722592003795,1,0.22081676617432636,0
2023-07-03,0,0.0,0,0.10587722388698434,0,0.0311802245482905,0
2023-07-05,1,0.0,0,0.22089120354807182,0,0.0311802245482905,0
2023-07-06,1,0.0,0,0.3173432796694682,1,0.22081676617432636,0
2023-07-07,1,0.0,0,0.31737829465548045,1,0.22081676617432636,0
2023-07-10,1,0.0,0,0.3726514356870603,1,0.9954319761668323,1
2023-07-11,1,0.0,0,0.4936753416046346,1,0.9954319761668323,1
2023-07-12,1,0.0,0,0.37811291937124464,1,0.9954319761668323,1
2023-07-13,1,0.0,0,0.19490196649320415,0,0.0311802245482905,0
2023-07-14,1,0.0,0,0.14791954490452394,0,0.0311802245482905,0
2023-07-17,0,0.0,0,0.1650421711885913,0,0.0311802245482905,0
2023-07-18,0,0.0,0,0.1681091005013377,0,0.0311802245482905,0
2023-07-19,0,0.0,0,0.19866692173686235,0,0.0311802245482905,0
2023-07-20,1,0.0,0,0.2115732106384114,0,0.0311802245482905,0
2023-07-21,1,0.0,0,0.37761682867854923,1,0.42018779342722773,1
2023-07-24,0,0.0,0,0.5558794560557028,1,0.42018779342722773,1
2023-07-25,0,0.0,0,0.5364561553829831,1,0.42018779342722773,1
2023-07-26,0,0.0,0,0.41803304555639287,1,0.42018779342722773,1
2023-07-27,1,0.0375,0,0.4892126531190593,1,0.9954319761668323,1
2023-07-28,0,0.0,0,0.407659438330947,1,0.9954319761668323,1
2023-07-31,0,0.0,0,0.3614498213973127,1,0.42018779342722773,1
2023-08-01,0,0.0,0,0.3955014545262239,1,0.8091292923550494,1
2023-08-02,0,0.0375,0,0.5063348875252377,1,0.9774275193884252,1
2023-08-03,0,0.0375,0,0.5222355596598031,1,0.9954319761668323,1
2023-08-04,0,0.0,0,0.5174071142484299,1,0.9954319761668323,1
2023-08-07,0,0.0,0,0.5401045614027852,1,0.9954319761668323,1
2023-08-08,0,0.0375,0,0.6039981968303401,1,0.9954319761668323,1
2023-08-09,0,0.06666666666666667,0,0.6466492756163723,1,0.9954319761668323,1
2023-08-10,0,0.06435643564356436,0,0.6385257469376331,1,0.9954319761668323,1
2023-08-11,0,0.06435643564356436,0,0.636331954470665,1,0.9954319761668323,1
2023-08-14,0,0.0,0,0.5451070261168972,1,0.9954319761668323,1
2023-08-15,0,0.0,0,0.5740278174639131,1,0.857298356373136,1
2023-08-16,0,0.0,0,0.5715336603828485,1,0.9954319761668323,1
2023-08-17,1,0.0,0,0.5509440795698909,1,0.9954319761668323,1
2023-08-18,1,0.0,0,0.5225965079928089,1,0.9954319761668323,1
2023-08-21,1,0.0375,0,0.580433057061816,1,0.9954319761668323,1
2023-08-22,1,0.0,0,0.5579840627537386,1,0.857298356373136,1
2023-08-23,0,0.06435643564356436,0,0.5992733705376937,1,0.9954319761668323,1
2023-08-24,1,0.0,0,0.3727431370061,1,0.8091292923550494,1
2023-08-25,1,0.0375,0,0.5050419575844043,1,0.9954319761668323,1
2023-08-28,1,0.0,0,0.3658203689003816,1,0.8091292923550494,1
2023-08-29,0,0.0,0,0.32790047779257653,1,0.7014601553995692,1
2023-08-30,0,0.0,0,0.1988262499581219,0,0.17023927130251282,0
2023-08-31,0,0.0,0,0.2893339370690862,0,0.17023927130251282,0
2023-09-01,0,0.0,0,0.2907690758931544,0,0.17023927130251282,0
2023-09-05,0,0.0,0,0.31330501898987184,1,0.17023927130251282,0
2023-09-06,0,0.0,0,0.3575756395504953,1,0.7014601553995692,1
2023-09-07,0,0.0,0,0.5546767495842332,1,0.9954319761668323,1
2023-09-08,0,0.0,0,0.5365491045771171,1,0.9954319761668323,1
2023-09-11,0,0.0,0,0.536535517292875,1,0.9954319761668323,1
2023-09-12,0,0.0,0,0.4902996985084076,1,0.9954319761668323,1
2023-09-13,0,0.0,0,0.5229033800324494,1,0.9954319761668323,1
2023-09-14,0,0.0,0,0.4457453928074861,1,0.9954319761668323,1
2023-09-15,0,0.0,0,0.347237257106211,1,0.7014601553995692,1
2023-09-18,0,0.0,0,0.4523186880960907,1,0.9954319761668323,1
2023-09-19,0,0.0,0,0.5205751696389526,1,0.9954319761668323,1
2023-09-20,0,0.0375,0,0.6340163811078302,1,0.9954319761668323,1
2023-09-21,0,0.0,0,0.6028898663953411,1,0.9954319761668323,1
2023-09-22,0,0.0,0,0.5396905987585762,1,0.9954319761668323,1
2023-09-25,0,0.0,0,0.5382748478236236,1,0.9954319761668323,1
2023-09-26,0,0.0,0,0.5812227776146911,1,0.9954319761668323,1
2023-09-27,0,0.0,0,0.5607202681766547,1,0.9954319761668323,1
2023-09-28,0,0.0,0,0.5846706358589139,1,0.9954319761668323,1
2023-09-29,1,0.0,0,0.616152021225602,1,0.9954319761668323,1
2023-10-02,0,0.0,0,0.6311998806563471,1,0.9954319761668323,1
2023-10-03,1,0.06666666666666667,0,0.45938183448200137,1,0.9954319761668323,1
2023-10-04,1,0.0,0,0.46172846817849267,1,0.9954319761668323,1
2023-10-05,1,0.0,0,0.3496332739008489,1,0.857298356373136,1
2023-10-06,1,0.0,0,0.48820327347622816,1,0.9954319761668323,1
2023-10-09,0,0.0,0,0.32140579228390276,1,0.22081676617432636,0
2023-10-10,0,0.0,0,0.29745000026157936,0,0.22081676617432636,0
2023-10-11,0,0.0,0,0.31648250677168643,1,0.22081676617432636,0
2023-10-12,0,0.0,0,0.30000504130741484,1,0.22081676617432636,0
2023-10-13,0,0.0,0,0.31383123978750965,1,0.22081676617432636,0
2023-10-16,0,0.0,0,0.3150339130785926,1,0.22081676617432636,0
2023-10-17,0,0.0,0,0.301179999125188,1,0.22081676617432636,0
2023-10-18,0,0.0,0,0.3269539771037131,1,0.22081676617432636,0
2023-10-19,0,0.0,0,0.4825465936716206,1,0.9954319761668323,1
2023-10-20,0,0.0375,0,0.4996065243606325,1,0.9954319761668323,1
2023-10-23,0,0.0,0,0.48457833975717646,1,0.9954319761668323,1
2023-10-24,0,0.0,0,0.4735908008907576,1,0.9954319761668323,1
2023-10-25,0,0.0,0,0.43770738906003614,1,0.9954319761668323,1
2023-10-26,1,0.0,0,0.4762704025778503,1,0.9954319761668323,1
2023-10-27,1,0.0375,0,0.4554937291635194,1,0.9954319761668323,1
2023-10-30,1,0.0,0,0.4336896598684029,1,0.9954319761668323,1
2023-10-31,1,0.0375,0,0.45093476894215057,1,0.9954319761668323,1
2023-11-01,1,0.0,0,0.4688123230598441,1,0.9954319761668323,1
2023-11-02,1,0.0,0,0.31369176683095007,1,0.22081676617432636,0
2023-11-03,1,0.0,0,0.21093299202435392,0,0.22081676617432636,0
2023-11-06,1,0.0,0,0.2836183415207052,0,0.22081676617432636,0
2023-11-07,1,0.0,0,0.2790127463823675,0,0.22081676617432636,0
2023-11-08,1,0.0,0,0.2987779448458907,0,0.22081676617432636,0
2023-11-09,1,0.0,0,0.28960356200847653,0,0.22081676617432636,0
2023-11-10,1,0.0,0,0.33012504559027794,1,0.22081676617432636,0
2023-11-13,1,0.0,0,0.20935096401599518,0,0.22081676617432636,0
2023-11-14,0,0.0,0,0.34579983664275643,1,0.22081676617432636,0
2023-11-15,0,0.0,0,0.16734721346012976,0,0.0311802245482905,0
2023-11-16,0,0.0,0,0.2628871623754721,0,0.0311802245482905,0
2023-11-17,0,0.0,0,0.26722468782842906,0,0.22081676617432636,0
2023-11-20,0,0.0,0,0.3511743267390675,1,0.22081676617432636,0
2023-11-21,0,0.0,0,0.2661196026738786,0,0.22081676617432636,0
2023-11-22,0,0.0,0,0.2894621579787137,0,0.22081676617432636,0
2023-11-24,0,0.0,0,0.28033002194184625,0,0.22081676617432636,0
2023-11-27,0,0.0,0,0.30679505191824763,1,0.22081676617432636,0
2023-11-28,0,0.0,0,0.47656599744099437,1,0.22081676617432636,0
2023-11-29,0,0.0375,0,0.4587961161949596,1,0.22081676617432636,0
2023-11-30,1,0.0,0,0.33472226241947645,1,0.22081676617432636,0
2023-12-01,0,0.0,0,0.4464315400480797,1,0.22081676617432636,0
2023-12-04,1,0.0,0,0.3932413879368076,1,0.22081676617432636,0
2023-12-05,1,0.0,0,0.4025114608171273,1,0.22081676617432636,0
2023-12-06,1,0.0,0,0.388382587801937,1,0.22081676617432636,0
2023-12-07,1,0.0,0,0.5246650662378154,1,0.9954319761668323,1
2023-12-08,1,0.0,0,0.4427907576945003,1,0.22081676617432636,0
2023-12-11,1,0.0,0,0.417014647520285,1,0.22081676617432636,0
2023-12-12,1,0.0,0,0.29145408672475515,0,0.0311802245482905,0
2023-12-13,1,0.0,0,0.21308382525655736,0,0.0311802245482905,0
2023-12-14,1,0.0,0,0.1570299865590773,0,0.0311802245482905,0
2023-12-15,1,0.0,0,0.1477063058263593,0,0.0311802245482905,0
2023-12-18,0,0.0,0,0.14262533342751926,0,0.0311802245482905,0
2023-12-19,0,0.0,0,0.14780985071344174,0,0.0311802245482905,0
2023-12-20,1,0.0,0,0.14295010226586535,0,0.0311802245482905,0
2023-12-21,0,0.0,0,0.2959332137511966,0,0.9954319761668323,1
2023-12-22,0,0.0,0,0.22258612976728437,0,0.22081676617432636,0
2023-12-26,0,0.0,0,0.28923044192173214,0,0.42018779342722773,1
2023-12-27,0,0.0,0,0.2508741256716148,0,0.22081676617432636,0
2023-12-28,0,0.0,0,0.2622430782830452,0,0.22081676617432636,0
2023-12-29,0,0.0,0,0.25639441138224345,0,0.22081676617432636,0
2024-01-02,0,0.0,0,0.2474471739927999,0,0.22081676617432636,0
2024-01-03,1,0.0,0,0.27921527324834644,0,0.8433451118963488,1
2024-01-04,1,0.0,0,0.4103918215131764,1,0.9954319761668323,1
2024-01-05,1,0.0,0,0.42981507803650376,1,0.9954319761668323,1
2024-01-08,0,0.0,0,0.45172013316076254,1,0.9954319761668323,1
2024-01-09,1,0.0,0,0.1956167047339142,0,0.8433451118963488,1
2024-01-10,1,0.0,0,0.25368422865397355,0,0.22081676617432636,0
2024-01-11,1,0.0,0,0.216877982138297,0,0.22081676617432636,0
2024-01-12,1,0.0,0,0.22288976874312946,0,0.22081676617432636,0
2024-01-16,1,0.0,0,0.23837514941238422,0,0.22081676617432636,0
2024-01-17,1,0.0,0,0.32278900943102573,1,0.8433451118963488,1
2024-01-18,1,0.0,0,0.3377763454449167,1,0.8433451118963488,1
2024-01-19,1,0.0,0,0.21324266375163062,0,0.8433451118963488,1
2024-01-22,1,0.0,0,0.1193250731505298,0,0.0311802245482905,0
2024-01-23,1,0.0,0,0.1517466449209483,0,0.0311802245482905,0
2024-01-24,1,0.0,0,0.15464330484440864,0,0.0311802245482905,0
2024-01-25,1,0.0,0,0.15156172178604602,0,0.0311802245482905,0
2024-01-26,1,0.0,0,0.15984466295845012,0,0.0311802245482905,0
2024-01-29,0,0.0,0,0.19065895323315532,0,0.0311802245482905,0
2024-01-30,0,0.0,0,0.1637837300250395,0,0.0311802245482905,0
2024-01-31,1,0.0,0,0.2234735303677951,0,0.0311802245482905,0
2024-02-01,1,0.0,0,0.3849988900103928,1,0.9954319761668323,1
2024-02-02,0,0.0,0,0.2564010383023043,0,0.22081676617432636,0
2024-02-05,1,0.0,0,0.1759244438627463,0,0.0311802245482905,0
2024-02-06,1,0.0,0,0.28117823613951254,0,0.22081676617432636,0
2024-02-07,0,0.0,0,0.3175479287166057,1,0.42018779342722773,1
2024-02-08,0,0.0,0,0.20644741170002592,0,0.0311802245482905,0
2024-02-09,0,0.0,0,0.26912184007172807,0,0.42018779342722773,1
2024-02-12,0,0.0,0,0.23898499208494287,0,0.0311802245482905,0
2024-02-13,1,0.0,0,0.3103043036195612,1,0.42018779342722773,1
2024-02-14,1,0.0,0,0.42816049182235,1,0.9954319761668323,1
2024-02-15,0,0.0,0,0.4284500297510152,1,0.8433451118963488,1
2024-02-16,1,0.0,0,0.24488697516818406,0,0.42018779342722773,1
2024-02-20,1,0.0,0,0.4006548991761581,1,0.8433451118963488,1
2024-02-21,1,0.0,0,0.5002741563017861,1,0.8433451118963488,1
2024-02-22,0,0.0,0,0.3355549162706669,1,0.42018779342722773,1
2024-02-23,0,0.0,0,0.12088080471131084,0,0.0311802245482905,0
2024-02-26,0,0.0,0,0.1810456948277855,0,0.0311802245482905,0
2024-02-27,1,0.0,0,0.29724427654915725,0,0.42018779342722773,1
2024-02-28,1,0.0,0,0.29307314263976064,0,0.42018779342722773,1
2024-02-29,0,0.0,0,0.3133299737686457,1,0.42018779342722773,1
2024-03-01,0,0.0,0,0.2437117445757475,0,0.42018779342722773,1
2024-03-04,0,0.0,0,0.14040961985107966,0,0.0311802245482905,0
2024-03-05,1,0.0,0,0.22297735599884483,0,0.0311802245482905,0
2024-03-06,1,0.0,0,0.39144102193730324,1,0.8433451118963488,1
2024-03-07,0,0.0,0,0.34521493581851853,1,0.42018779342722773,1
2024-03-08,0,0.0,0,0.16130229240517044,0,0.0311802245482905,0
2024-03-11,1,0.0,0,0.3765932334439699,1,0.8433451118963488,1
2024-03-12,0,0.0,0,0.38218497661913475,1,0.8433451118963488,1
2024-03-13,1,0.0,0,0.19482568285617982,0,0.0311802245482905,0
2024-03-14,1,0.0,0,0.3001298694406473,1,0.42018779342722773,1
2024-03-15,1,0.0,0,0.4272942868356668,1,0.8433451118963488,1
2024-03-18,1,0.0,0,0.41165330868859745,1,0.8433451118963488,1
2024-03-19,1,0.0,0,0.3581847048090681,1,0.42018779342722773,1
2024-03-20,0,0.0,0,0.3589627658958258,1,0.8433451118963488,1
2024-03-21,0,0.0,0,0.19401777325088718,0,0.36914827799546246,1
2024-03-22,0,0.0,0,0.19290006138103127,0,0.17023927130251282,0
2024-03-25,0,0.0,0,0.2092033712435515,0,0.17023927130251282,0
2024-03-26,0,0.0,0,0.33424895855191306,1,0.7014601553995692,1
2024-03-27,0,0.0,0,0.343884682172776,1,0.7014601553995692,1
2024-03-28,0,0.0,0,0.2575134878948245,0,0.36914827799546246,1
2024-04-01,0,0.0,0,0.2993141456215042,0,0.36914827799546246,1
2024-04-02,0,0.0,0,0.30923713373165107,1,0.7014601553995692,1
2024-04-03,0,0.0,0,0.35750491658171984,1,0.8433451118963488,1
2024-04-04,0,0.0,0,0.38613768174184615,1,0.8433451118963488,1
2024-04-05,0,0.0,0,0.4450252072617018,1,0.9954319761668323,1
2024-04-08,0,0.0,0,0.46715933402954196,1,0.8433451118963488,1
2024-04-09,0,0.0,0,0.49540192653632265,1,0.8433451118963488,1
2024-04-10,0,0.0,0,0.38654317917973413,1,0.8433451118963488,1
2024-04-11,0,0.0,0,0.504131203936922,1,0.9954319761668323,1
2024-04-12,0,0.0,0,0.30915709299091193,1,0.42018779342722773,1
2024-04-15,0,0.0,0,0.5090401638521764,1,0.9954319761668323,1
2024-04-16,0,0.0,0,0.5071979495664142,1,0.9954319761668323,1
2024-04-17,1,0.0,0,0.4653922862084016,1,0.9954319761668323,1
2024-04-18,1,0.0,0,0.4732500192166207,1,0.9954319761668323,1
2024-04-19,1,0.0,0,0.46590660996489786,1,0.9954319761668323,1
2024-04-22,1,0.0375,0,0.5034295837211333,1,0.9954319761668323,1
2024-04-23,0,0.06435643564356436,0,0.4839353588797222,1,0.9954319761668323,1
2024-04-24,0,0.0,0,0.3586032127444982,1,0.8091292923550494,1
2024-04-25,1,0.0375,0,0.3747847502335736,1,0.8091292923550494,1
2024-04-26,0,0.0375,0,0.39766301441046964,1,0.9774275193884252,1
2024-04-29,0,0.0,0,0.36374204186528397,1,0.8091292923550494,1
2024-04-30,1,0.0,0,0.347863309607916,1,0.8091292923550494,1
2024-05-01,1,0.0375,0,0.5079657725653942,1,0.9954319761668323,1
2024-05-02,1,0.0375,0,0.5869929346481738,1,0.9954319761668323,1
2024-05-03,1,0.0,0,0.3721942167867594,1,0.8091292923550494,1
2024-05-06,1,0.0,0,0.24008860920405972,0,0.8091292923550494,1
2024-05-07,1,0.0,0,0.4037106609385691,1,0.8091292923550494,1
2024-05-08,1,0.0,0,0.36953896632458894,1,0.9774275193884252,1
2024-05-09,1,0.0,0,0.3963182215864536,1,0.8091292923550494,1
2024-05-10,1,0.0,0,0.2875413854661371,0,0.9774275193884252,1
2024-05-13,1,0.0,0,0.2874938279221657,0,0.8091292923550494,1
2024-05-14,1,0.0,0,0.38367931439741493,1,0.8091292923550494,1
2024-05-15,0,0.0,0,0.36827959532249877,1,0.8091292923550494,1
2024-05-16,0,0.0,0,0.22565972876980808,0,0.5642988045160615,1
2024-05-17,0,0.0,0,0.39780711583031847,1,0.9774275193884252,1
2024-05-20,0,0.0,0,0.4105583087479331,1,0.9774275193884252,1
2024-05-21,0,0.0,0,0.3899404671959719,1,0.5642988045160615,1
2024-05-22,0,0.0,0,0.37556488233805846,1,0.5642988045160615,1
2024-05-23,0,0.06435643564356436,0,0.5485468431094775,1,0.8433451118963488,1
2024-05-24,0,0.06435643564356436,0,0.6166560172448607,1,0.8433451118963488,1
2024-05-28,0,0.0375,0,0.5037831289181324,1,0.8433451118963488,1
2024-05-29,1,0.0,0,0.5121039608372735,1,0.8433451118963488,1
2024-05-30,1,0.0,0,0.6098200108325122,1,0.8433451118963488,1
2024-05-31,1,0.0,0,0.5399895395859925,1,0.9954319761668323,1
2024-06-03,1,0.0,0,0.3960149938177384,1,0.42018779342722773,1
2024-06-04,1,0.0,0,0.42178835090959005,1,0.8433451118963488,1
2024-06-05,1,0.0,0,0.4006004949135278,1,0.8433451118963488,1
2024-06-06,1,0.0,0,0.1961259163335241,0,0.17023927130251282,0
2024-06-07,1,0.0,0,0.29170624511240656,0,0.17023927130251282,0
2024-06-10,1,0.0,0,0.34050663442978873,1,0.7014601553995692,1
2024-06-11,1,0.0,0,0.3079578483483978,1,0.36914827799546246,1
2024-06-12,1,0.0,0,0.22200166391372883,0,0.36914827799546246,1
2024-06-13,1,0.0,0,0.194938817877833,0,0.36914827799546246,1
2024-06-14,1,0.0,0,0.22882990705057574,0,0.36914827799546246,1
2024-06-17,0,0.0,0,0.27797388121917793,0,0.36914827799546246,1
2024-06-18,0,0.0,0,0.18923526320700249,0,0.17023927130251282,0
2024-06-20,0,0.0,0,0.2557295688907186,0,0.17023927130251282,0
2024-06-21,0,0.0,0,0.36267359964565826,1,0.9774275193884252,1
2024-06-24,1,0.0,0,0.3329186397209771,1,0.9774275193884252,1
2024-06-25,1,0.0375,0,0.32349767023137427,1,0.9774275193884252,1
2024-06-26,1,0.0375,0,0.27594484185563795,0,0.8433451118963488,1
2024-06-27,1,0.0375,0,0.3913263132961938,1,0.8433451118963488,1
2024-06-28,1,0.0375,0,0.33765624558090196,1,0.9774275193884252,1
2024-07-01,1,0.0,0,0.38152929824706894,1,0.8433451118963488,1
2024-07-02,1,0.0,0,0.33650370793557055,1,0.7014601553995692,1
2024-07-03,1,0.0,0,0.2993132681497968,0,0.7014601553995692,1
2024-07-05,1,0.0,0,0.2748349438267124,0,0.36914827799546246,1
2024-07-08,1,0.0,0,0.2111195757197837,0,0.36914827799546246,1
2024-07-09,1,0.0,0,0.21579218285604132,0,0.17023927130251282,0
2024-07-10,0,0.0,0,0.25140210453988,0,0.17023927130251282,0
2024-07-11,1,0.0,0,0.20325325267929767,0,0.17023927130251282,0
2024-07-12,0,0.0,0,0.30401408092001503,1,0.7014601553995692,1
2024-07-15,0,0.0,0,0.26981836534174564,0,0.36914827799546246,1
2024-07-16,0,0.0,0,0.26949329219349477,0,0.36914827799546246,1
2024-07-17,0,0.0,0,0.1996893712834703,0,0.36914827799546246,1
2024-07-18,0,0.0,0,0.4577151521937902,1,0.9954319761668323,1
2024-07-19,0,0.0,0,0.5322064584107238,1,0.9954319761668323,1
2024-07-22,0,0.0,0,0.5006644749269734,1,0.9954319761668323,1
2024-07-23,0,0.0,0,0.3835196690953535,1,0.857298356373136,1
2024-07-24,0,0.0,0,0.5034616413217736,1,0.9954319761668323,1
2024-07-25,1,0.0,0,0.558987813043204,1,0.9954319761668323,1
2024-07-26,0,0.06666666666666667,0,0.5640177756489694,1,0.9954319761668323,1
2024-07-29,0,0.0,0,0.5244742967952122,1,0.857298356373136,1
2024-07-30,0,0.0,0,0.6250593708411385,1,0.9954319761668323,1
2024-07-31,0,0.0,0,0.607346240654922,1,0.9954319761668323,1
2024-08-01,0,0.0,0,0.29364803952979385,0,0.22081676617432636,0
2024-08-02,0,0.0,0,0.3480446300218041,1,0.42018779342722773,1
2024-08-05,1,0.0,0,0.4573527217064818,1,0.9954319761668323,1
2024-08-06,1,0.0,0,0.45084366406204895,1,0.9954319761668323,1
2024-08-07,1,0.0,0,0.42567273125164495,1,0.857298356373136,1
2024-08-08,1,0.0,0,0.44593222045007586,1,0.9954319761668323,1
2024-08-09,1,0.0,0,0.39526207200547936,1,0.857298356373136,1
2024-08-12,1,0.0,0,0.33509631186976246,1,0.9954319761668323,1
2024-08-13,1,0.0,0,0.31605693160668497,1,0.22081676617432636,0
2024-08-14,1,0.0,0,0.21596800014178769,0,0.42018779342722773,1
2024-08-15,0,0.0,0,0.3436848416535328,1,0.42018779342722773,1
2024-08-16,0,0.0,0,0.19253906387133152,0,0.42018779342722773,1
2024-08-19,0,0.0,0,0.36823894563598647,1,0.42018779342722773,1
2024-08-20,0,0.0,0,0.1924156153640687,0,0.0311802245482905,0
2024-08-21,0,0.0,0,0.3227493685918157,1,0.42018779342722773,1
2024-08-22,0,0.0,0,0.27823752404109214,0,0.42018779342722773,1
2024-08-23,0,0.0,0,0.30384455600886023,1,0.42018779342722773,1
2024-08-26,0,0.0,0,0.22317045464718183,0,0.42018779342722773,1
2024-08-27,0,0.0,0,0.3512084323766231,1,0.8433451118963488,1
2024-08-28,0,0.0,0,0.3114332537743955,1,0.42018779342722773,1
2024-08-29,0,0.0,0,0.45249874194142964,1,0.8433451118963488,1
2024-08-30,0,0.0,0,0.322088876888782,1,0.42018779342722773,1
2024-09-03,0,0.0,0,0.3214517180497369,1,0.42018779342722773,1
2024-09-04,0,0.0,0,0.6141304736164276,1,0.9954319761668323,1
2024-09-05,1,0.0,0,0.594673008711968,1,0.9954319761668323,1
2024-09-06,1,0.0,0,0.5942293223385743,1,0.9954319761668323,1
2024-09-09,1,0.0,0,0.5808779221337832,1,0.9954319761668323,1
2024-09-10,1,0.0,0,0.49963238579691116,1,0.857298356373136,1
2024-09-11,1,0.0,0,0.5221971648048804,1,0.857298356373136,1
2024-09-12,1,0.0,0,0.2891133338525826,0,0.22081676617432636,0
2024-09-13,1,0.0,0,0.31347644391799095,1,0.22081676617432636,0
2024-09-16,0,0.0,0,0.2576255157713325,0,0.22081676617432636,0
2024-09-17,1,0.0,0,0.3076419350370328,1,0.22081676617432636,0
2024-09-18,1,0.0,0,0.2790363151336504,0,0.22081676617432636,0
2024-09-19,0,0.0,0,0.3301025672327423,1,0.22081676617432636,0
2024-09-20,0,0.0,0,0.12767503222608081,0,0.0311802245482905,0
2024-09-23,0,0.0,0,0.30599640750903234,1,0.42018779342722773,1
2024-09-24,0,0.0,0,0.26667855387054673,0,0.22081676617432636,0
2024-09-25,0,0.0,0,0.23650517219183348,0,0.22081676617432636,0
2024-09-26,0,0.0,0,0.25047218476835637,0,0.22081676617432636,0
2024-09-27,0,0.0,0,0.26159810605243095,0,0.22081676617432636,0
2024-09-30,0,0.0,0,0.25481772439217487,0,0.22081676617432636,0
2024-10-01,1,0.0,0,0.23951710735512038,0,0.22081676617432636,0
2024-10-02,1,0.0,0,0.3888423254895956,1,0.8433451118963488,1
2024-10-03,1,0.0,0,0.36671054235289813,1,0.8433451118963488,1
2024-10-04,1,0.0,0,0.5111155013164265,1,0.8433451118963488,1
2024-10-07,1,0.0,0,0.30340284549425883,1,0.22081676617432636,0
2024-10-08,1,0.0,0,0.517908604487676,1,0.8433451118963488,1
2024-10-09,0,0.0,0,0.21208411102792563,0,0.22081676617432636,0
2024-10-10,1,0.0,0,0.2120268505343251,0,0.0311802245482905,0
2024-10-11,0,0.0,0,0.3065513398978799,1,0.22081676617432636,0
2024-10-14,0,0.0,0,0.18877512615810516,0,0.0311802245482905,0
2024-10-15,0,0.0,0,0.17218725622290892,0,0.0311802245482905,0
2024-10-16,0,0.0,0,0.30477982552336635,1,0.22081676617432636,0
2024-10-17,0,0.0,0,0.18222408587332214,0,0.0311802245482905,0
2024-10-18,0,0.0,0,0.2663223681727974,0,0.22081676617432636,0
2024-10-21,0,0.0,0,0.185704847391144,0,0.0311802245482905,0
2024-10-22,0,0.0,0,0.40833985646303683,1,0.8433451118963488,1
2024-10-23,0,0.0,0,0.27853993367017954,0,0.22081676617432636,0
2024-10-24,0,0.0375,0,0.5087288406910495,1,0.8433451118963488,1
2024-10-25,0,0.0,0,0.5521233334254761,1,0.8433451118963488,1
2024-10-28,0,0.0,0,0.5095449591766833,1,0.8433451118963488,1
2024-10-29,0,0.06666666666666667,0,0.5553392857055556,1,0.8433451118963488,1
2024-10-30,0,0.06666666666666667,0,0.4000876318809471,1,0.8433451118963488,1
2024-10-31,1,0.06435643564356436,0,0.33049218674851555,1,0.22081676617432636,0
2024-11-01,1,0.20245398773006135,0,0.6338305764282484,1,0.9954319761668323,1
2024-11-04,1,0.1576923076923077,0,0.580703841928931,1,0.9954319761668323,1
2024-11-05,1,0.13333333333333333,0,0.6118412134805677,1,0.9954319761668323,1
2024-11-06,0,0.06435643564356436,0,0.5513542979485417,1,0.857298356373136,1
2024-11-07,0,0.0,0,0.14105889249480796,0,0.0311802245482905,0
2024-11-08,0,0.0,0,0.15826162644452382,0,0.0311802245482905,0
2024-11-11,0,0.0,0,0.1932148255637931,0,0.0311802245482905,0
2024-11-12,0,0.0,0,0.23160194267984807,0,0.0311802245482905,0
2024-11-13,0,0.0,0,0.314525055320504,1,0.22081676617432636,0
2024-11-14,0,0.0,0,0.31828686875980183,1,0.22081676617432636,0
2024-11-15,1,0.13333333333333333,0,0.5081913915560812,1,0.8433451118963488,1
2024-11-18,1,0.06435643564356436,0,0.5787768058099162,1,0.9954319761668323,1
2024-11-19,1,0.0,0,0.536442280821922,1,0.9954319761668323,1
2024-11-20,1,0.0,0,0.5083372483305315,1,0.9954319761668323,1
2024-11-21,1,0.0,0,0.5301945899716572,1,0.9954319761668323,1
2024-11-22,1,0.0,0,0.4011595900369914,1,0.8433451118963488,1
2024-11-25,1,0.0,0,0.2884820597411606,0,0.22081676617432636,0
2024-11-26,0,0.0,0,0.3022163802060331,1,0.22081676617432636,0
2024-11-27,1,0.0,0,0.26944179378914535,0,0.22081676617432636,0
2024-11-29,0,0.0,0,0.32477061726650974,1,0.22081676617432636,0
2024-12-02,0,0.0,0,0.2839133845375875,0,0.22081676617432636,0
2024-12-03,0,0.0,0,0.26297342999371726,0,0.22081676617432636,0
2024-12-04,0,0.0,0,0.25768696280456327,0,0.22081676617432636,0
2024-12-05,0,0.0,0,0.14204767905558138,0,0.0311802245482905,0
2024-12-06,0,0.0375,0,0.2907561753680113,0,0.42018779342722773,1
2024-12-09,0,0.0,0,0.2400360840566916,0,0.42018779342722773,1
2024-12-10,0,0.06435643564356436,0,0.37728472923336404,1,0.8433451118963488,1
2024-12-11,0,0.06552704765081532,0,0.41088732174547027,1,0.8433451118963488,1
2024-12-12,0,0.0,0,0.29205464990805036,0,0.8433451118963488,1
2024-12-13,0,0.0,0,0.342705728894377,1,0.8433451118963488,1
2024-12-16,0,0.0,0,0.42716265499186346,1,0.8433451118963488,1
2024-12-17,0,0.0,0,0.364168852947022,1,0.42018779342722773,1
2024-12-18,1,0.06666666666666667,0,0.45285241272085225,1,0.42018779342722773,1
2024-12-19,1,0.0,0,0.5561862958587483,1,0.9954319761668323,1
2024-12-20,0,0.06666666666666667,0,0.5403055132926229,1,0.9954319761668323,1
2024-12-23,0,0.0375,0,0.4885054669238029,1,0.857298356373136,1
2024-12-24,0,0.06435643564356436,0,0.5087576698954761,1,0.9954319761668323,1
2024-12-26,0,0.0,0,0.34256550007569125,1,0.8433451118963488,1
2024-12-27,0,0.0,0,0.26572646372782305,0,0.42018779342722773,1
2024-12-30,0,0.0,0,0.32814119569176076,1,0.42018779342722773,1
2024-12-31,0,0.06435643564356436,0,0.46632067326549337,1,0.9954319761668323,1
